tramo,zona,fecha,dia_semana,hora,total_registros,speed_promedio,pct_detenido,pct_lento,pct_normal,pct_fluido,temperatura_max,temperatura_min,precipitacion,pct_congestion,nivel_congestion,es_hora_pico,zona_cod,tramo_cod,velocidad_hora_anterior,hora_anterior_obs,gap_anterior_horas,promedio_movil_2,promedio_movil_3,tendencia,velocidad_siguiente,hora_siguiente_obs,gap_siguiente_horas,es_sintetico
MC_A1,mercado_campesino,2026-05-01,4,8,3,0.0,1.0,0.0,0.0,0.0,27.7,14.5,0.0,1.0,ALTO,1,0,0,,,,,,,27.0,9.0,1.0,0
MC_A1,mercado_campesino,2026-05-01,4,9,1,27.0,0.0,0.0,1.0,0.0,27.7,14.5,0.0,0.0,BAJO,0,0,0,0.0,8.0,1.0,0.0,0.0,27.0,7.0,12.0,3.0,0
MC_A1,mercado_campesino,2026-05-06,2,6,1,0.0,1.0,0.0,0.0,0.0,29.3,14.5,0.0,1.0,ALTO,0,0,0,,,,22.0,22.0,,0.0,7.0,1.0,0
MC_A1,mercado_campesino,2026-05-06,2,7,1,0.0,1.0,0.0,0.0,0.0,29.3,14.5,0.0,1.0,ALTO,1,0,0,0.0,6.0,1.0,0.0,11.0,0.0,16.0,8.0,1.0,0
MC_A1,mercado_campesino,2026-05-06,2,8,1,16.0,0.0,0.0,1.0,0.0,29.3,14.5,0.0,0.0,BAJO,1,0,0,0.0,7.0,1.0,0.0,0.0,16.0,20.5,9.0,1.0,0
MC_A1,mercado_campesino,2026-05-06,2,10,1,24.0,0.0,0.0,1.0,0.0,29.3,14.5,0.0,0.0,BAJO,0,0,0,20.5,9.0,1.0,18.25,12.166666666666666,3.5,25.0,11.0,1.0,0
MC_A1,mercado_campesino,2026-05-07,3,8,1,25.0,0.0,0.0,1.0,0.0,29.7,12.8,0.0,0.0,BAJO,1,0,0,,,,25.0,24.5,,32.0,9.0,1.0,0
MC_A1,mercado_campesino,2026-05-07,3,9,1,32.0,0.0,0.0,0.0,1.0,29.7,12.8,0.0,0.0,BAJO,0,0,0,25.0,8.0,1.0,25.0,25.0,7.0,1.5,11.0,2.0,0
MC_A1,mercado_campesino,2026-05-08,4,8,3,0.0,1.0,0.0,0.0,0.0,32.8,11.1,0.0,1.0,ALTO,1,0,0,,,,20.0,10.75,,27.0,9.0,1.0,0
MC_A1,mercado_campesino,2026-05-08,4,9,1,27.0,0.0,0.0,1.0,0.0,32.8,11.1,0.0,0.0,BAJO,0,0,0,0.0,8.0,1.0,0.0,10.0,27.0,7.0,12.0,3.0,0
MC_A1,mercado_campesino,2026-05-12,1,11,1,22.0,0.0,0.0,1.0,0.0,27.2,7.2,0.0,0.0,BAJO,0,0,0,,,,,7.0,,22.0,13.0,2.0,0
MC_A1,mercado_campesino,2026-05-13,2,6,1,0.0,1.0,0.0,0.0,0.0,29.5,8.4,0.0,1.0,ALTO,0,0,0,,,,22.0,22.0,,0.0,7.0,1.0,0
MC_A1,mercado_campesino,2026-05-13,2,7,1,0.0,1.0,0.0,0.0,0.0,29.5,8.4,0.0,1.0,ALTO,1,0,0,0.0,6.0,1.0,0.0,11.0,0.0,16.0,8.0,1.0,0
MC_A1,mercado_campesino,2026-05-13,2,8,1,16.0,0.0,0.0,1.0,0.0,29.5,8.4,0.0,0.0,BAJO,1,0,0,0.0,7.0,1.0,0.0,0.0,16.0,20.5,9.0,1.0,0
MC_A1,mercado_campesino,2026-05-13,2,9,2,20.5,0.0,0.0,1.0,0.0,29.5,8.4,0.0,0.0,BAJO,0,0,0,16.0,8.0,1.0,8.0,5.333333333333333,4.5,24.0,10.0,1.0,0
MC_A1,mercado_campesino,2026-05-13,2,10,1,24.0,0.0,0.0,1.0,0.0,29.5,8.4,0.0,0.0,BAJO,0,0,0,20.5,9.0,1.0,18.25,12.166666666666666,3.5,25.0,11.0,1.0,0
MC_A1,mercado_campesino,2026-05-14,3,8,1,25.0,0.0,0.0,1.0,0.0,29.1,6.5,0.0,0.0,BAJO,1,0,0,,,,25.0,24.5,,32.0,9.0,1.0,0
MC_A1,mercado_campesino,2026-05-14,3,9,1,32.0,0.0,0.0,0.0,1.0,29.1,6.5,0.0,0.0,BAJO,0,0,0,25.0,8.0,1.0,25.0,25.0,7.0,1.5,11.0,2.0,0
MC_A1,mercado_campesino,2026-05-14,3,15,1,20.0,0.0,0.0,1.0,0.0,29.1,6.5,0.0,0.0,BAJO,0,0,0,1.5,11.0,4.0,16.75,19.5,18.5,3.0,16.0,1.0,0
MC_A1,mercado_campesino,2026-05-15,4,8,3,0.0,1.0,0.0,0.0,0.0,26.3,10.2,0.0,1.0,ALTO,1,0,0,,,,20.0,10.75,,27.0,9.0,1.0,0
MC_A1,mercado_campesino,2026-05-15,4,9,1,27.0,0.0,0.0,1.0,0.0,26.3,10.2,0.0,0.0,BAJO,0,0,0,0.0,8.0,1.0,0.0,10.0,27.0,7.0,12.0,3.0,0
MC_A1,mercado_campesino,2026-05-19,1,11,1,22.0,0.0,0.0,1.0,0.0,27.4,8.1,0.0,0.0,BAJO,0,0,0,,,,,7.0,,22.0,13.0,2.0,0
MC_A1,mercado_campesino,2026-05-20,2,6,1,0.0,1.0,0.0,0.0,0.0,23.2,9.6,0.0,1.0,ALTO,0,0,0,,,,22.0,22.0,,0.0,7.0,1.0,0
MC_A1,mercado_campesino,2026-05-20,2,7,1,0.0,1.0,0.0,0.0,0.0,23.2,9.6,0.0,1.0,ALTO,1,0,0,0.0,6.0,1.0,0.0,11.0,0.0,16.0,8.0,1.0,0
MC_A1,mercado_campesino,2026-05-20,2,8,1,16.0,0.0,0.0,1.0,0.0,23.2,9.6,0.0,0.0,BAJO,1,0,0,0.0,7.0,1.0,0.0,0.0,16.0,20.5,9.0,1.0,0
MC_A1,mercado_campesino,2026-05-20,2,9,2,20.5,0.0,0.0,1.0,0.0,23.2,9.6,0.0,0.0,BAJO,0,0,0,16.0,8.0,1.0,8.0,5.333333333333333,4.5,24.0,10.0,1.0,0
MC_A1,mercado_campesino,2026-05-20,2,10,1,24.0,0.0,0.0,1.0,0.0,23.2,9.6,0.0,0.0,BAJO,0,0,0,20.5,9.0,1.0,18.25,12.166666666666666,3.5,25.0,11.0,1.0,0
MC_A1,mercado_campesino,2026-05-21,3,15,1,20.0,0.0,0.0,1.0,0.0,24.5,12.3,0.0,0.0,BAJO,0,0,0,1.5,11.0,4.0,16.75,19.5,18.5,3.0,16.0,1.0,0
MC_A1,mercado_campesino,2026-05-22,4,8,3,0.0,1.0,0.0,0.0,0.0,24.100000000000005,13.4,0.0,1.0,ALTO,1,0,0,,,,20.0,10.75,,27.0,9.0,1.0,0
MC_A1,mercado_campesino,2026-05-22,4,9,1,27.0,0.0,0.0,1.0,0.0,24.1,13.4,0.0,0.0,BAJO,0,0,0,0.0,8.0,1.0,0.0,10.0,27.0,7.0,12.0,3.0,0
MC_A1,mercado_campesino,2026-05-26,1,11,1,22.0,0.0,0.0,1.0,0.0,23.2,10.1,0.0,0.0,BAJO,0,0,0,,,,,7.0,,22.0,13.0,2.0,0
MC_A1,mercado_campesino,2026-05-27,2,6,1,0.0,1.0,0.0,0.0,0.0,31.0,3.7,0.0,1.0,ALTO,0,0,0,,,,22.0,22.0,,0.0,7.0,1.0,0
MC_A1,mercado_campesino,2026-05-27,2,7,1,0.0,1.0,0.0,0.0,0.0,31.0,3.7,0.0,1.0,ALTO,1,0,0,0.0,6.0,1.0,0.0,11.0,0.0,16.0,8.0,1.0,0
MC_A1,mercado_campesino,2026-05-27,2,8,1,16.0,0.0,0.0,1.0,0.0,31.0,3.7,0.0,0.0,BAJO,1,0,0,0.0,7.0,1.0,0.0,0.0,16.0,20.5,9.0,1.0,0
MC_A1,mercado_campesino,2026-05-27,2,10,1,24.0,0.0,0.0,1.0,0.0,31.0,3.7,0.0,0.0,BAJO,0,0,0,20.5,9.0,1.0,18.25,12.166666666666666,3.5,25.0,11.0,1.0,0
MC_A1,mercado_campesino,2026-05-28,3,9,1,32.0,0.0,0.0,0.0,1.0,15.9,3.3,0.0,0.0,BAJO,0,0,0,25.0,8.0,1.0,25.0,25.0,7.0,1.5,11.0,2.0,0
MC_A1,mercado_campesino,2026-05-28,3,15,1,20.0,0.0,0.0,1.0,0.0,15.9,3.3,0.0,0.0,BAJO,0,0,0,1.5,11.0,4.0,16.75,19.5,18.5,3.0,16.0,1.0,0
MC_A1,mercado_campesino,2026-05-29,4,9,1,27.0,0.0,0.0,1.0,0.0,21.1,-0.7,0.0,0.0,BAJO,0,0,0,0.0,8.0,1.0,0.0,10.0,27.0,7.0,12.0,3.0,0
MC_A1,mercado_campesino,2026-06-09,1,15,2,21.5,0.0,0.0,1.0,0.0,16.2,8.8,0.0,0.0,BAJO,0,0,0,,,,,7.0,,14.4,17.0,2.0,0
MC_A1,mercado_campesino,2026-06-10,2,7,5,17.8,0.2,0.0,0.8,0.0,20.0,8.7,0.0,0.2,BAJO,1,0,0,,,,21.5,21.5,,13.666666666666666,8.0,1.0,0
MC_A1,mercado_campesino,2026-06-10,2,8,6,13.666666666666666,0.0,0.5,0.5,0.0,20.0,8.7,0.0,0.5,MEDIO,1,0,0,17.8,7.0,1.0,17.8,19.65,-4.133333333333335,16.75,9.0,1.0,0
MC_A1,mercado_campesino,2026-06-10,2,16,3,24.666666666666668,0.0,0.0,0.6666666666666666,0.3333333333333333,20.0,8.7,0.0,0.0,BAJO,0,0,0,5.4,10.0,6.0,11.075,11.93888888888889,19.266666666666666,17.0,17.0,1.0,0
MC_A1,mercado_campesino,2026-06-10,2,17,4,17.0,0.0,0.5,0.5,0.0,20.0,8.7,0.0,0.5,MEDIO,1,0,0,24.666666666666668,16.0,1.0,15.033333333333337,15.605555555555556,-7.666666666666668,25.666666666666668,18.0,1.0,0
MC_A1,mercado_campesino,2026-06-10,2,18,3,25.666666666666668,0.0,0.0,1.0,0.0,20.0,8.7,0.0,0.0,BAJO,1,0,0,17.0,17.0,1.0,20.833333333333336,15.68888888888889,8.666666666666668,16.4,19.0,1.0,0
MC_A1,mercado_campesino,2026-06-21,6,6,4,25.0,0.0,0.0,1.0,0.0,29.1,0.2,0.0,0.0,BAJO,0,0,0,,,,25.666666666666668,21.333333333333336,,13.714285714285714,7.0,1.0,0
MC_A1,mercado_campesino,2026-07-07,1,12,3,21.666666666666668,0.0,0.0,1.0,0.0,,,,0.0,BAJO,0,0,0,14.6,11.0,1.0,14.6,13.3,7.066666666666668,11.8,13.0,1.0,0
MC_A1,mercado_campesino,2026-07-07,1,13,5,11.8,0.2,0.4,0.4,0.0,,,,0.6,MEDIO,0,0,0,21.666666666666668,12.0,1.0,18.133333333333333,18.133333333333333,-9.866666666666667,18.25,14.0,1.0,0
MC_A1,mercado_campesino,2026-07-07,1,14,4,18.25,0.0,0.25,0.75,0.0,,,,0.25,BAJO,0,0,0,11.8,13.0,1.0,16.733333333333334,16.022222222222222,6.449999999999999,14.333333333333334,15.0,1.0,0
MC_A1,mercado_campesino,2026-07-07,1,15,3,14.333333333333334,0.0,0.3333333333333333,0.6666666666666666,0.0,,,,0.3333,BAJO,0,0,0,18.25,14.0,1.0,15.025000000000002,17.23888888888889,-3.916666666666666,11.0,16.0,1.0,0
MC_A1,mercado_campesino,2026-07-07,1,17,4,15.5,0.25,0.0,0.75,0.0,,,,0.25,BAJO,1,0,0,11.0,16.0,1.0,12.666666666666668,14.527777777777777,4.5,19.5,18.0,1.0,0
MC_A1,mercado_campesino,2026-07-07,1,18,4,19.5,0.0,0.25,0.75,0.0,,,,0.25,BAJO,1,0,0,15.5,17.0,1.0,13.250000000000002,13.611111111111112,4.0,0.108433734939759,20.0,2.0,0
MC_A1,mercado_campesino,2026-07-07,1,21,152,0.3684210526315789,0.9210526315789472,0.0789473684210526,0.0,0.0,,,,1.0,ALTO,0,0,0,0.108433734939759,20.0,1.0,9.80421686746988,11.70281124497992,0.2599873176918199,0.0,22.0,1.0,0
MC_A1,mercado_campesino,2026-07-08,2,8,2,11.0,0.5,0.0,0.5,0.0,,,,0.5,MEDIO,1,0,0,24.0,7.0,1.0,24.0,12.18421052631579,-13.0,14.333333333333334,9.0,1.0,0
MC_A1,mercado_campesino,2026-07-08,2,9,9,14.333333333333334,0.1111111111111111,0.3333333333333333,0.5555555555555556,0.0,,,,0.4444,MEDIO,0,0,0,11.0,8.0,1.0,17.5,17.5,3.333333333333334,9.166666666666666,11.0,2.0,0
MC_A1,mercado_campesino,2026-07-08,2,11,12,9.166666666666666,0.5,0.1666666666666666,0.3333333333333333,0.0,,,,0.6667,MEDIO,0,0,0,14.333333333333334,9.0,2.0,12.666666666666668,16.444444444444446,-5.166666666666668,21.666666666666668,12.0,1.0,0
MC_A1,mercado_campesino,2026-07-08,2,14,2,25.5,0.0,0.0,1.0,0.0,,,,0.0,BAJO,0,0,0,15.333333333333334,13.0,1.0,18.500000000000004,15.388888888888888,10.166666666666666,20.0,15.0,1.0,0
MC_A1,mercado_campesino,2026-07-08,2,16,4,21.25,0.0,0.25,0.75,0.0,,,,0.25,BAJO,0,0,0,20.0,15.0,1.0,22.75,20.27777777777777,1.25,17.0,17.0,1.0,0
MC_A1,mercado_campesino,2026-07-08,2,17,3,17.0,0.3333333333333333,0.0,0.3333333333333333,0.3333333333333333,,,,0.3333,BAJO,1,0,0,21.25,16.0,1.0,20.625,22.25,-4.25,1.375,18.0,1.0,0
MC_A1,mercado_campesino,2026-07-08,2,18,8,1.375,0.75,0.25,0.0,0.0,,,,1.0,ALTO,1,0,0,17.0,17.0,1.0,19.125,19.416666666666668,-15.625,16.25,19.0,1.0,0
MC_A1,mercado_campesino,2026-07-09,3,11,32,7.09375,0.5,0.21875,0.28125,0.0,,,,0.7188,ALTO,0,0,0,16.555555555555557,9.0,2.0,19.27777777777778,18.26851851851852,-9.461805555555555,17.857142857142858,13.0,2.0,0
MC_A1,mercado_campesino,2026-07-09,3,13,7,17.857142857142858,0.1428571428571428,0.1428571428571428,0.7142857142857143,0.0,,,,0.2857,BAJO,0,0,0,7.09375,11.0,2.0,11.82465277777778,15.216435185185183,10.763392857142858,21.0,14.0,1.0,0
MC_A1,mercado_campesino,2026-07-09,3,15,4,22.5,0.0,0.0,1.0,0.0,,,,0.0,BAJO,0,0,0,21.0,14.0,1.0,19.42857142857143,15.316964285714286,1.5,7.888888888888889,16.0,1.0,0
MC_A1,mercado_campesino,2026-07-09,3,16,9,7.888888888888889,0.3333333333333333,0.4444444444444444,0.2222222222222222,0.0,,,,0.7778,ALTO,0,0,0,22.5,15.0,1.0,21.75,20.452380952380956,-14.61111111111111,17.75,17.0,1.0,0
MC_A1,mercado_campesino,2026-07-09,3,18,4,25.5,0.0,0.25,0.25,0.5,,,,0.25,BAJO,1,0,0,17.75,17.0,1.0,12.819444444444445,16.046296296296294,7.75,0.2708333333333333,20.0,2.0,0
MC_A1,mercado_campesino,2026-07-10,4,8,9,8.0,0.1111111111111111,0.7777777777777778,0.1111111111111111,0.0,,,,0.8889,ALTO,1,0,0,,,,0.2708333333333333,12.885416666666666,,15.333333333333334,9.0,1.0,0
MC_A1,mercado_campesino,2026-07-10,4,9,6,15.333333333333334,0.0,0.6666666666666666,0.3333333333333333,0.0,,,,0.6667,MEDIO,0,0,0,8.0,8.0,1.0,8.0,4.135416666666667,7.333333333333334,13.2,10.0,1.0,0
MC_A1,mercado_campesino,2026-07-10,4,10,5,13.2,0.0,0.6,0.4,0.0,,,,0.6,MEDIO,0,0,0,15.333333333333334,9.0,1.0,11.666666666666668,11.666666666666668,-2.133333333333334,23.0,11.0,1.0,0
MC_A1,mercado_campesino,2026-07-10,4,12,8,13.25,0.25,0.375,0.375,0.0,,,,0.625,MEDIO,0,0,0,23.0,11.0,1.0,18.1,17.177777777777777,-9.75,22.33333333333333,13.0,1.0,0
MC_A1,mercado_campesino,2026-07-10,4,13,3,22.33333333333333,0.0,0.3333333333333333,0.6666666666666666,0.0,,,,0.3333,BAJO,0,0,0,13.25,12.0,1.0,18.125,16.483333333333334,9.083333333333332,15.666666666666666,14.0,1.0,0
MC_A1,mercado_campesino,2026-07-10,4,14,9,15.666666666666666,0.2222222222222222,0.1111111111111111,0.6666666666666666,0.0,,,,0.3333,BAJO,0,0,0,22.33333333333333,13.0,1.0,17.791666666666664,19.52777777777777,-6.666666666666666,13.5,16.0,2.0,0
MC_A1,mercado_campesino,2026-07-10,4,16,14,13.5,0.2857142857142857,0.0714285714285714,0.6428571428571429,0.0,,,,0.3571,BAJO,0,0,0,15.666666666666666,14.0,2.0,19.0,17.083333333333332,-2.166666666666666,4.96969696969697,18.0,2.0,0
MC_A1,mercado_campesino,2026-07-10,4,18,33,4.96969696969697,0.4848484848484848,0.4545454545454545,0.0606060606060606,0.0,,,,0.9394,ALTO,1,0,0,13.5,16.0,2.0,14.583333333333332,17.166666666666668,-8.530303030303031,7.142857142857143,19.0,1.0,0
MC_A2,mercado_campesino,2026-05-01,4,9,1,0.0,1.0,0.0,0.0,0.0,27.7,14.5,0.0,1.0,ALTO,0,0,1,,,,4.96969696969697,9.234848484848484,,4.0,10.0,1.0,0
MC_A2,mercado_campesino,2026-05-01,4,11,2,0.0,1.0,0.0,0.0,0.0,27.7,14.5,0.0,1.0,ALTO,0,0,1,4.0,10.0,1.0,1.9999999999999984,2.0,-4.0,0.0,13.0,2.0,0
MC_A2,mercado_campesino,2026-05-01,4,13,2,0.0,1.0,0.0,0.0,0.0,27.7,14.5,0.0,1.0,ALTO,0,0,1,0.0,11.0,2.0,1.9999999999999984,1.3333333333333333,0.0,0.0,15.0,2.0,0
MC_A2,mercado_campesino,2026-05-01,4,15,2,0.0,1.0,0.0,0.0,0.0,27.7,14.5,0.0,1.0,ALTO,0,0,1,0.0,13.0,2.0,0.0,1.3333333333333333,0.0,0.0,16.0,1.0,0
MC_A2,mercado_campesino,2026-05-05,1,11,1,0.0,1.0,0.0,0.0,0.0,25.0,14.4,0.0,1.0,ALTO,0,0,1,,,,0.0,0.0,,3.5,13.0,2.0,0
MC_A2,mercado_campesino,2026-05-05,1,13,2,3.5,0.5,0.5,0.0,0.0,25.0,14.4,0.0,1.0,ALTO,0,0,1,0.0,11.0,2.0,0.0,0.0,3.5,15.0,14.0,1.0,0
MC_A2,mercado_campesino,2026-05-05,1,14,1,15.0,0.0,1.0,0.0,0.0,25.0,14.4,0.0,1.0,ALTO,0,0,1,3.5,13.0,1.0,1.7499999999999982,1.75,11.5,1.5,15.0,1.0,0
MC_A2,mercado_campesino,2026-05-05,1,15,4,1.5,0.5,0.5,0.0,0.0,25.0,14.4,0.0,1.0,ALTO,0,0,1,15.0,14.0,1.0,9.249999999999998,6.166666666666667,-13.5,0.0,16.0,1.0,0
MC_A2,mercado_campesino,2026-05-06,2,7,2,1.5,0.5,0.5,0.0,0.0,29.3,14.5,0.0,1.0,ALTO,1,0,1,,,,1.5,8.25,,25.0,8.0,1.0,0
MC_A2,mercado_campesino,2026-05-06,2,8,2,25.0,0.0,0.0,0.5,0.5,29.3,14.5,0.0,0.0,BAJO,1,0,1,1.5,7.0,1.0,1.5,1.5,23.5,0.5,9.0,1.0,0
MC_A2,mercado_campesino,2026-05-06,2,11,3,0.3333333333333333,0.6666666666666666,0.3333333333333333,0.0,0.0,29.3,14.5,0.0,1.0,ALTO,0,0,1,7.0,10.0,1.0,3.7499999999999982,10.833333333333334,-6.666666666666667,0.0,12.0,1.0,0
MC_A2,mercado_campesino,2026-05-06,2,12,1,0.0,1.0,0.0,0.0,0.0,29.3,14.5,0.0,1.0,ALTO,0,0,1,0.3333333333333333,11.0,1.0,3.6666666666666647,2.611111111111111,-0.3333333333333333,3.333333333333333,13.0,1.0,0
MC_A2,mercado_campesino,2026-05-06,2,13,3,3.333333333333333,0.6666666666666666,0.3333333333333333,0.0,0.0,29.3,14.5,0.0,1.0,ALTO,0,0,1,0.0,12.0,1.0,0.1666666666666648,2.444444444444444,3.333333333333333,0.0,15.0,2.0,0
MC_A2,mercado_campesino,2026-05-06,2,15,1,0.0,1.0,0.0,0.0,0.0,29.3,14.5,0.0,1.0,ALTO,0,0,1,3.333333333333333,13.0,2.0,1.666666666666665,1.2222222222222223,-3.333333333333333,0.0,16.0,1.0,0
MC_A2,mercado_campesino,2026-05-07,3,8,2,0.0,1.0,0.0,0.0,0.0,29.7,12.8,0.0,1.0,ALTO,1,0,1,,,,0.0,1.6666666666666667,,0.0,9.0,1.0,0
MC_A2,mercado_campesino,2026-05-07,3,9,1,0.0,1.0,0.0,0.0,0.0,29.7,12.8,0.0,1.0,ALTO,0,0,1,0.0,8.0,1.0,0.0,0.0,0.0,15.0,10.0,1.0,0
MC_A2,mercado_campesino,2026-05-07,3,10,3,15.0,0.3333333333333333,0.0,0.6666666666666666,0.0,29.7,12.800000000000002,0.0,0.3333,BAJO,0,0,1,0.0,9.0,1.0,0.0,0.0,15.0,15.0,11.0,1.0,0
MC_A2,mercado_campesino,2026-05-07,3,11,1,15.0,0.0,1.0,0.0,0.0,29.7,12.8,0.0,1.0,ALTO,0,0,1,15.0,10.0,1.0,7.499999999999998,5.0,0.0,1.5,12.0,1.0,0
MC_A2,mercado_campesino,2026-05-07,3,13,2,5.5,0.5,0.5,0.0,0.0,29.7,12.8,0.0,1.0,ALTO,0,0,1,1.5,12.0,1.0,8.249999999999998,10.5,4.0,0.0,15.0,2.0,0
MC_A2,mercado_campesino,2026-05-08,4,9,1,0.0,1.0,0.0,0.0,0.0,32.8,11.1,0.0,1.0,ALTO,0,0,1,,,,0.0,2.75,,4.0,10.0,1.0,0
MC_A2,mercado_campesino,2026-05-08,4,10,2,4.0,0.5,0.5,0.0,0.0,32.8,11.1,0.0,1.0,ALTO,0,0,1,0.0,9.0,1.0,0.0,0.0,4.0,0.0,11.0,1.0,0
MC_A2,mercado_campesino,2026-05-08,4,11,2,0.0,1.0,0.0,0.0,0.0,32.8,11.1,0.0,1.0,ALTO,0,0,1,4.0,10.0,1.0,1.9999999999999984,2.0,-4.0,0.0,13.0,2.0,0
MC_A2,mercado_campesino,2026-05-08,4,13,2,0.0,1.0,0.0,0.0,0.0,32.8,11.1,0.0,1.0,ALTO,0,0,1,0.0,11.0,2.0,1.9999999999999984,1.3333333333333333,0.0,0.0,15.0,2.0,0
MC_A2,mercado_campesino,2026-05-08,4,15,2,0.0,1.0,0.0,0.0,0.0,32.8,11.1,0.0,1.0,ALTO,0,0,1,0.0,13.0,2.0,0.0,1.3333333333333333,0.0,0.0,16.0,1.0,0
MC_A2,mercado_campesino,2026-05-11,0,9,2,0.0,1.0,0.0,0.0,0.0,21.9,10.6,0.0,1.0,ALTO,0,0,1,,,,,0.0,,1.25,11.0,2.0,0
MC_A2,mercado_campesino,2026-05-12,1,11,1,0.0,1.0,0.0,0.0,0.0,27.2,7.2,0.0,1.0,ALTO,0,0,1,,,,0.0,0.0,,3.5,13.0,2.0,0
MC_A2,mercado_campesino,2026-05-12,1,13,2,3.5,0.5,0.5,0.0,0.0,27.2,7.2,0.0,1.0,ALTO,0,0,1,0.0,11.0,2.0,0.0,0.0,3.5,15.0,14.0,1.0,0
MC_A2,mercado_campesino,2026-05-12,1,14,1,15.0,0.0,1.0,0.0,0.0,27.2,7.2,0.0,1.0,ALTO,0,0,1,3.5,13.0,1.0,1.7499999999999982,1.75,11.5,1.5,15.0,1.0,0
MC_A2,mercado_campesino,2026-05-12,1,15,4,1.5,0.5,0.5,0.0,0.0,27.2,7.2,0.0,1.0,ALTO,0,0,1,15.0,14.0,1.0,9.249999999999998,6.166666666666667,-13.5,0.0,16.0,1.0,0
MC_A2,mercado_campesino,2026-05-13,2,10,1,7.0,0.0,1.0,0.0,0.0,29.5,8.4,0.0,1.0,ALTO,0,0,1,0.5,9.0,1.0,12.749999999999998,9.0,6.5,0.3333333333333333,11.0,1.0,0
MC_A2,mercado_campesino,2026-05-13,2,13,3,3.333333333333333,0.6666666666666666,0.3333333333333333,0.0,0.0,29.5,8.4,0.0,1.0,ALTO,0,0,1,0.0,12.0,1.0,0.1666666666666648,2.444444444444444,3.333333333333333,0.0,15.0,2.0,0
MC_A2,mercado_campesino,2026-05-13,2,15,1,0.0,1.0,0.0,0.0,0.0,29.5,8.4,0.0,1.0,ALTO,0,0,1,3.333333333333333,13.0,2.0,1.666666666666665,1.2222222222222223,-3.333333333333333,0.0,16.0,1.0,0
MC_A2,mercado_campesino,2026-05-14,3,8,2,0.0,1.0,0.0,0.0,0.0,29.1,6.5,0.0,1.0,ALTO,1,0,1,,,,0.0,1.6666666666666667,,0.0,9.0,1.0,0
MC_A2,mercado_campesino,2026-05-14,3,9,1,0.0,1.0,0.0,0.0,0.0,29.1,6.5,0.0,1.0,ALTO,0,0,1,0.0,8.0,1.0,0.0,0.0,0.0,15.0,10.0,1.0,0
MC_A2,mercado_campesino,2026-05-14,3,10,3,15.0,0.3333333333333333,0.0,0.6666666666666666,0.0,29.100000000000005,6.5,0.0,0.3333,BAJO,0,0,1,0.0,9.0,1.0,0.0,0.0,15.0,15.0,11.0,1.0,0
MC_A2,mercado_campesino,2026-05-14,3,11,1,15.0,0.0,1.0,0.0,0.0,29.1,6.5,0.0,1.0,ALTO,0,0,1,15.0,10.0,1.0,7.499999999999998,5.0,0.0,1.5,12.0,1.0,0
MC_A2,mercado_campesino,2026-05-14,3,12,2,1.5,0.5,0.5,0.0,0.0,29.1,6.5,0.0,1.0,ALTO,0,0,1,15.0,11.0,1.0,15.0,10.0,-13.5,5.5,13.0,1.0,0
MC_A2,mercado_campesino,2026-05-14,3,13,2,5.5,0.5,0.5,0.0,0.0,29.1,6.5,0.0,1.0,ALTO,0,0,1,1.5,12.0,1.0,8.249999999999998,10.5,4.0,0.0,15.0,2.0,0
MC_A2,mercado_campesino,2026-05-15,4,9,1,0.0,1.0,0.0,0.0,0.0,26.3,10.2,0.0,1.0,ALTO,0,0,1,,,,0.0,2.75,,4.0,10.0,1.0,0
MC_A2,mercado_campesino,2026-05-15,4,10,2,4.0,0.5,0.5,0.0,0.0,26.3,10.2,0.0,1.0,ALTO,0,0,1,0.0,9.0,1.0,0.0,0.0,4.0,0.0,11.0,1.0,0
MC_A2,mercado_campesino,2026-05-15,4,13,2,0.0,1.0,0.0,0.0,0.0,26.3,10.2,0.0,1.0,ALTO,0,0,1,0.0,11.0,2.0,1.9999999999999984,1.3333333333333333,0.0,0.0,15.0,2.0,0
MC_A2,mercado_campesino,2026-05-15,4,15,2,0.0,1.0,0.0,0.0,0.0,26.3,10.2,0.0,1.0,ALTO,0,0,1,0.0,13.0,2.0,0.0,1.3333333333333333,0.0,0.0,16.0,1.0,0
MC_A2,mercado_campesino,2026-05-18,0,9,2,0.0,1.0,0.0,0.0,0.0,27.7,8.8,1.0,1.0,ALTO,0,0,1,,,,,0.0,,1.25,11.0,2.0,0
MC_A2,mercado_campesino,2026-05-19,1,11,1,0.0,1.0,0.0,0.0,0.0,27.4,8.1,0.0,1.0,ALTO,0,0,1,,,,0.0,0.0,,3.5,13.0,2.0,0
MC_A2,mercado_campesino,2026-05-19,1,13,2,3.5,0.5,0.5,0.0,0.0,27.4,8.1,0.0,1.0,ALTO,0,0,1,0.0,11.0,2.0,0.0,0.0,3.5,15.0,14.0,1.0,0
MC_A2,mercado_campesino,2026-05-19,1,14,1,15.0,0.0,1.0,0.0,0.0,27.4,8.1,0.0,1.0,ALTO,0,0,1,3.5,13.0,1.0,1.7499999999999982,1.75,11.5,1.5,15.0,1.0,0
MC_A2,mercado_campesino,2026-05-20,2,7,2,1.5,0.5,0.5,0.0,0.0,23.2,9.6,0.0,1.0,ALTO,1,0,1,,,,1.5,8.25,,25.0,8.0,1.0,0
MC_A2,mercado_campesino,2026-05-20,2,8,2,25.0,0.0,0.0,0.5,0.5,23.2,9.6,0.0,0.0,BAJO,1,0,1,1.5,7.0,1.0,1.5,1.5,23.5,0.5,9.0,1.0,0
MC_A2,mercado_campesino,2026-05-20,2,10,1,7.0,0.0,1.0,0.0,0.0,23.2,9.6,0.0,1.0,ALTO,0,0,1,0.5,9.0,1.0,12.749999999999998,9.0,6.5,0.3333333333333333,11.0,1.0,0
MC_A2,mercado_campesino,2026-05-20,2,11,3,0.3333333333333333,0.6666666666666666,0.3333333333333333,0.0,0.0,23.2,9.6,0.0,1.0,ALTO,0,0,1,7.0,10.0,1.0,3.7499999999999982,10.833333333333334,-6.666666666666667,0.0,12.0,1.0,0
MC_A2,mercado_campesino,2026-05-20,2,12,1,0.0,1.0,0.0,0.0,0.0,23.2,9.6,0.0,1.0,ALTO,0,0,1,0.3333333333333333,11.0,1.0,3.6666666666666647,2.611111111111111,-0.3333333333333333,3.333333333333333,13.0,1.0,0
MC_A2,mercado_campesino,2026-05-20,2,13,3,3.333333333333333,0.6666666666666666,0.3333333333333333,0.0,0.0,23.2,9.6,0.0,1.0,ALTO,0,0,1,0.0,12.0,1.0,0.1666666666666648,2.444444444444444,3.333333333333333,0.0,15.0,2.0,0
MC_A2,mercado_campesino,2026-05-20,2,15,1,0.0,1.0,0.0,0.0,0.0,23.2,9.6,0.0,1.0,ALTO,0,0,1,3.333333333333333,13.0,2.0,1.666666666666665,1.2222222222222223,-3.333333333333333,0.0,16.0,1.0,0
MC_A2,mercado_campesino,2026-05-21,3,10,3,15.0,0.3333333333333333,0.0,0.6666666666666666,0.0,24.5,12.300000000000002,0.0,0.3333,BAJO,0,0,1,0.0,9.0,1.0,0.0,0.0,15.0,15.0,11.0,1.0,0
MC_A2,mercado_campesino,2026-05-21,3,11,1,15.0,0.0,1.0,0.0,0.0,24.5,12.3,0.0,1.0,ALTO,0,0,1,15.0,10.0,1.0,7.499999999999998,5.0,0.0,1.5,12.0,1.0,0
MC_A2,mercado_campesino,2026-05-21,3,12,2,1.5,0.5,0.5,0.0,0.0,24.5,12.3,0.0,1.0,ALTO,0,0,1,15.0,11.0,1.0,15.0,10.0,-13.5,5.5,13.0,1.0,0
MC_A2,mercado_campesino,2026-05-21,3,13,2,5.5,0.5,0.5,0.0,0.0,24.5,12.3,0.0,1.0,ALTO,0,0,1,1.5,12.0,1.0,8.249999999999998,10.5,4.0,0.0,15.0,2.0,0
MC_A2,mercado_campesino,2026-05-21,3,15,2,0.0,1.0,0.0,0.0,0.0,24.5,12.3,0.0,1.0,ALTO,0,0,1,5.5,13.0,2.0,3.4999999999999982,7.333333333333333,-5.5,3.0,16.0,1.0,0
MC_A2,mercado_campesino,2026-05-22,4,9,1,0.0,1.0,0.0,0.0,0.0,24.1,13.4,0.0,1.0,ALTO,0,0,1,,,,0.0,2.75,,4.0,10.0,1.0,0
MC_A2,mercado_campesino,2026-05-22,4,10,2,4.0,0.5,0.5,0.0,0.0,24.1,13.4,0.0,1.0,ALTO,0,0,1,0.0,9.0,1.0,0.0,0.0,4.0,0.0,11.0,1.0,0
MC_A2,mercado_campesino,2026-05-22,4,11,2,0.0,1.0,0.0,0.0,0.0,24.1,13.4,0.0,1.0,ALTO,0,0,1,4.0,10.0,1.0,1.9999999999999984,2.0,-4.0,0.0,13.0,2.0,0
MC_A2,mercado_campesino,2026-05-22,4,15,2,0.0,1.0,0.0,0.0,0.0,24.1,13.4,0.0,1.0,ALTO,0,0,1,0.0,13.0,2.0,0.0,1.3333333333333333,0.0,0.0,16.0,1.0,0
MC_A2,mercado_campesino,2026-05-25,0,9,2,0.0,1.0,0.0,0.0,0.0,28.7,9.2,0.0,1.0,ALTO,0,0,1,,,,,0.0,,1.25,11.0,2.0,0
MC_A2,mercado_campesino,2026-05-26,1,11,1,0.0,1.0,0.0,0.0,0.0,23.2,10.1,0.0,1.0,ALTO,0,0,1,,,,0.0,0.0,,3.5,13.0,2.0,0
MC_A2,mercado_campesino,2026-05-26,1,13,2,3.5,0.5,0.5,0.0,0.0,23.2,10.1,0.0,1.0,ALTO,0,0,1,0.0,11.0,2.0,0.0,0.0,3.5,15.0,14.0,1.0,0
MC_A2,mercado_campesino,2026-05-26,1,14,1,15.0,0.0,1.0,0.0,0.0,23.2,10.1,0.0,1.0,ALTO,0,0,1,3.5,13.0,1.0,1.7499999999999982,1.75,11.5,1.5,15.0,1.0,0
MC_A2,mercado_campesino,2026-05-26,1,15,4,1.5,0.5,0.5,0.0,0.0,23.2,10.1,0.0,1.0,ALTO,0,0,1,15.0,14.0,1.0,9.249999999999998,6.166666666666667,-13.5,0.0,16.0,1.0,0
MC_A2,mercado_campesino,2026-05-27,2,8,2,25.0,0.0,0.0,0.5,0.5,31.0,3.7,0.0,0.0,BAJO,1,0,1,1.5,7.0,1.0,1.5,1.5,23.5,0.5,9.0,1.0,0
MC_A2,mercado_campesino,2026-05-27,2,9,4,0.5,0.75,0.25,0.0,0.0,31.0,3.7,0.0,1.0,ALTO,0,0,1,25.0,8.0,1.0,13.249999999999998,13.25,-24.5,7.0,10.0,1.0,0
MC_A2,mercado_campesino,2026-05-27,2,10,1,7.0,0.0,1.0,0.0,0.0,31.0,3.7,0.0,1.0,ALTO,0,0,1,0.5,9.0,1.0,12.749999999999998,9.0,6.5,0.3333333333333333,11.0,1.0,0
MC_A2,mercado_campesino,2026-05-27,2,11,3,0.3333333333333333,0.6666666666666666,0.3333333333333333,0.0,0.0,31.0,3.7000000000000006,0.0,1.0,ALTO,0,0,1,7.0,10.0,1.0,3.7499999999999982,10.833333333333334,-6.666666666666667,0.0,12.0,1.0,0
MC_A2,mercado_campesino,2026-05-27,2,12,1,0.0,1.0,0.0,0.0,0.0,31.0,3.7,0.0,1.0,ALTO,0,0,1,0.3333333333333333,11.0,1.0,3.6666666666666647,2.611111111111111,-0.3333333333333333,3.333333333333333,13.0,1.0,0
MC_A2,mercado_campesino,2026-05-27,2,13,3,3.333333333333333,0.6666666666666666,0.3333333333333333,0.0,0.0,31.0,3.7000000000000006,0.0,1.0,ALTO,0,0,1,0.0,12.0,1.0,0.1666666666666648,2.444444444444444,3.333333333333333,0.0,15.0,2.0,0
MC_A2,mercado_campesino,2026-05-27,2,15,1,0.0,1.0,0.0,0.0,0.0,31.0,3.7,0.0,1.0,ALTO,0,0,1,3.333333333333333,13.0,2.0,1.666666666666665,1.2222222222222223,-3.333333333333333,0.0,16.0,1.0,0
MC_A2,mercado_campesino,2026-05-28,3,8,2,0.0,1.0,0.0,0.0,0.0,15.9,3.3,0.0,1.0,ALTO,1,0,1,,,,0.0,1.6666666666666667,,0.0,9.0,1.0,0
MC_A2,mercado_campesino,2026-05-28,3,9,1,0.0,1.0,0.0,0.0,0.0,15.9,3.3,0.0,1.0,ALTO,0,0,1,0.0,8.0,1.0,0.0,0.0,0.0,15.0,10.0,1.0,0
MC_A2,mercado_campesino,2026-05-28,3,10,3,15.0,0.3333333333333333,0.0,0.6666666666666666,0.0,15.9,3.2999999999999994,0.0,0.3333,BAJO,0,0,1,0.0,9.0,1.0,0.0,0.0,15.0,15.0,11.0,1.0,0
MC_A2,mercado_campesino,2026-05-28,3,12,2,1.5,0.5,0.5,0.0,0.0,15.9,3.3,0.0,1.0,ALTO,0,0,1,15.0,11.0,1.0,15.0,10.0,-13.5,5.5,13.0,1.0,0
MC_A2,mercado_campesino,2026-05-28,3,13,2,5.5,0.5,0.5,0.0,0.0,15.9,3.3,0.0,1.0,ALTO,0,0,1,1.5,12.0,1.0,8.249999999999998,10.5,4.0,0.0,15.0,2.0,0
MC_A2,mercado_campesino,2026-05-28,3,15,2,0.0,1.0,0.0,0.0,0.0,15.9,3.3,0.0,1.0,ALTO,0,0,1,5.5,13.0,2.0,3.4999999999999982,7.333333333333333,-5.5,3.0,16.0,1.0,0
MC_A2,mercado_campesino,2026-05-29,4,10,2,4.0,0.5,0.5,0.0,0.0,21.1,-0.7,0.0,1.0,ALTO,0,0,1,0.0,9.0,1.0,0.0,0.0,4.0,0.0,11.0,1.0,0
MC_A2,mercado_campesino,2026-05-29,4,11,2,0.0,1.0,0.0,0.0,0.0,21.1,-0.7,0.0,1.0,ALTO,0,0,1,4.0,10.0,1.0,1.9999999999999984,2.0,-4.0,0.0,13.0,2.0,0
MC_A2,mercado_campesino,2026-05-29,4,15,2,0.0,1.0,0.0,0.0,0.0,21.1,-0.7,0.0,1.0,ALTO,0,0,1,0.0,13.0,2.0,0.0,1.3333333333333333,0.0,0.0,16.0,1.0,0
MC_A2,mercado_campesino,2026-06-09,1,15,35,2.342857142857143,0.6857142857142857,0.2571428571428571,0.0571428571428571,0.0,16.2,8.8,0.0,0.9429,ALTO,0,0,1,,,,,0.0,,5.538461538461538,17.0,2.0,0
MC_A2,mercado_campesino,2026-06-10,2,7,26,1.6538461538461535,0.7692307692307693,0.1923076923076923,0.0384615384615384,0.0,20.0,8.7,0.0,0.9615,ALTO,1,0,1,,,,2.342857142857143,2.342857142857143,,9.0,8.0,1.0,0
MC_A2,mercado_campesino,2026-06-10,2,8,7,9.0,0.2857142857142857,0.4285714285714285,0.2857142857142857,0.0,20.0,8.7,0.0,0.7143,ALTO,1,0,1,1.6538461538461535,7.0,1.0,1.6538461538461535,1.9983516483516484,7.346153846153847,0.7777777777777778,9.0,1.0,0
MC_A2,mercado_campesino,2026-06-10,2,16,29,1.896551724137931,0.7586206896551724,0.2413793103448276,0.0,0.0,20.0,8.7,0.0,1.0,ALTO,0,0,1,8.0,10.0,6.0,4.388888888888888,5.925925925925927,-6.103448275862069,5.666666666666667,17.0,1.0,0
MC_A2,mercado_campesino,2026-06-10,2,17,9,5.666666666666667,0.5555555555555556,0.2222222222222222,0.2222222222222222,0.0,20.0,8.7,0.0,0.7778,ALTO,1,0,1,1.896551724137931,16.0,1.0,4.948275862068964,3.558109833971903,3.770114942528736,3.7857142857142856,18.0,1.0,0
MC_A2,mercado_campesino,2026-06-10,2,18,14,3.7857142857142856,0.5714285714285714,0.3571428571428571,0.0714285714285714,0.0,20.0,8.7,0.0,0.9286,ALTO,1,0,1,5.666666666666667,17.0,1.0,3.7816091954022975,5.187739463601532,-1.8809523809523812,3.8,19.0,1.0,0
MC_A2,mercado_campesino,2026-07-07,1,12,10,7.3,0.5,0.3,0.2,0.0,,,,0.8,ALTO,0,0,1,3.473684210526316,11.0,1.0,3.473684210526316,3.20906432748538,3.826315789473684,2.515151515151515,13.0,1.0,0
MC_A2,mercado_campesino,2026-07-07,1,13,33,2.515151515151515,0.7272727272727273,0.2424242424242424,0.0303030303030303,0.0,,,,0.9697,ALTO,0,0,1,7.3,12.0,1.0,5.386842105263156,5.386842105263158,-4.784848484848485,7.444444444444445,14.0,1.0,0
MC_A2,mercado_campesino,2026-07-07,1,15,25,2.56,0.6,0.36,0.04,0.0,,,,0.96,ALTO,0,0,1,7.444444444444445,14.0,1.0,4.9797979797979774,5.753198653198652,-4.884444444444444,4.785714285714286,16.0,1.0,0
MC_A2,mercado_campesino,2026-07-07,1,17,29,2.9655172413793105,0.7241379310344828,0.2068965517241379,0.0689655172413793,0.0,,,,0.931,ALTO,1,0,1,4.785714285714286,16.0,1.0,3.672857142857141,4.930052910052909,-1.820197044334975,8.4,18.0,1.0,0
MC_A2,mercado_campesino,2026-07-08,2,7,6,13.666666666666666,0.1666666666666666,0.3333333333333333,0.5,0.0,,,,0.5,MEDIO,1,0,1,,,,8.4,5.682758620689654,,4.333333333333333,8.0,1.0,0
MC_A2,mercado_campesino,2026-07-08,2,8,18,4.333333333333333,0.7222222222222222,0.1111111111111111,0.1111111111111111,0.0555555555555555,,,,0.8333,ALTO,1,0,1,13.666666666666666,7.0,1.0,13.666666666666666,11.033333333333331,-9.333333333333332,3.2,9.0,1.0,0
MC_A2,mercado_campesino,2026-07-08,2,9,25,3.2,0.64,0.28,0.08,0.0,,,,0.92,ALTO,0,0,1,4.333333333333333,8.0,1.0,8.999999999999996,8.999999999999998,-1.1333333333333329,3.45,10.0,1.0,0
MC_A2,mercado_campesino,2026-07-08,2,11,25,1.36,0.68,0.32,0.0,0.0,,,,1.0,ALTO,0,0,1,3.45,10.0,1.0,3.324999999999997,3.66111111111111,-2.09,4.411764705882353,12.0,1.0,0
MC_A2,mercado_campesino,2026-07-08,2,12,17,4.411764705882353,0.5882352941176471,0.2941176470588235,0.1176470588235294,0.0,,,,0.8824,ALTO,0,0,1,1.36,11.0,1.0,2.4049999999999976,2.6699999999999995,3.051764705882353,1.8285714285714283,13.0,1.0,0
MC_A2,mercado_campesino,2026-07-08,2,14,15,4.666666666666667,0.6666666666666666,0.1333333333333333,0.2,0.0,,,,0.8,ALTO,0,0,1,1.8285714285714283,13.0,1.0,3.120168067226888,2.53344537815126,2.8380952380952387,2.3461538461538463,15.0,1.0,0
MC_A2,mercado_campesino,2026-07-08,2,15,26,2.3461538461538463,0.6153846153846154,0.3461538461538461,0.0384615384615384,0.0,,,,0.9615,ALTO,0,0,1,4.666666666666667,14.0,1.0,3.247619047619045,3.635667600373482,-2.3205128205128207,6.375,16.0,1.0,0
MC_A2,mercado_campesino,2026-07-08,2,16,8,6.375,0.5,0.5,0.0,0.0,,,,1.0,ALTO,0,0,1,2.3461538461538463,15.0,1.0,3.5064102564102537,2.947130647130647,4.028846153846153,4.947368421052632,17.0,1.0,0
MC_A2,mercado_campesino,2026-07-09,3,7,5,13.4,0.2,0.6,0.2,0.0,,,,0.8,ALTO,1,0,1,,,,4.947368421052632,5.661184210526316,,1.9428571428571428,8.0,1.0,0
MC_A2,mercado_campesino,2026-07-09,3,8,35,1.9428571428571428,0.7428571428571429,0.2,0.0571428571428571,0.0,,,,0.9429,ALTO,1,0,1,13.4,7.0,1.0,13.4,9.173684210526314,-11.457142857142856,3.75,9.0,1.0,0
MC_A2,mercado_campesino,2026-07-09,3,9,32,3.75,0.71875,0.125,0.15625,0.0,,,,0.8438,ALTO,0,0,1,1.9428571428571428,8.0,1.0,7.671428571428568,7.671428571428571,1.8071428571428567,7.0,10.0,1.0,0
MC_A2,mercado_campesino,2026-07-09,3,10,2,7.0,0.0,1.0,0.0,0.0,,,,1.0,ALTO,0,0,1,3.75,9.0,1.0,2.846428571428568,6.364285714285714,3.25,4.547619047619048,11.0,1.0,0
MC_A2,mercado_campesino,2026-07-09,3,11,42,4.547619047619048,0.5952380952380952,0.2619047619047619,0.1428571428571428,0.0,,,,0.8571,ALTO,0,0,1,7.0,10.0,1.0,5.3749999999999964,4.23095238095238,-2.452380952380953,4.666666666666667,12.0,1.0,0
MC_A2,mercado_campesino,2026-07-09,3,12,3,4.666666666666667,0.6666666666666666,0.3333333333333333,0.0,0.0,,,,1.0,ALTO,0,0,1,4.547619047619048,11.0,1.0,5.77380952380952,5.099206349206349,0.1190476190476195,2.609756097560976,13.0,1.0,0
MC_A2,mercado_campesino,2026-07-09,3,13,41,2.609756097560976,0.6341463414634146,0.3170731707317073,0.048780487804878,0.0,,,,0.9512,ALTO,0,0,1,4.666666666666667,12.0,1.0,4.607142857142854,5.404761904761904,-2.0569105691056917,6.333333333333333,14.0,1.0,0
MC_A2,mercado_campesino,2026-07-09,3,15,30,1.9333333333333331,0.6666666666666666,0.3333333333333333,0.0,0.0,,,,1.0,ALTO,0,0,1,6.333333333333333,14.0,1.0,4.47154471544715,4.536585365853658,-4.4,3.45,16.0,1.0,0
MC_A2,mercado_campesino,2026-07-09,3,16,20,3.45,0.7,0.15,0.15,0.0,,,,0.85,ALTO,0,0,1,1.9333333333333331,15.0,1.0,4.133333333333329,3.625474254742547,1.5166666666666668,0.78125,17.0,1.0,0
MC_A2,mercado_campesino,2026-07-09,3,17,32,0.78125,0.875,0.125,0.0,0.0,,,,1.0,ALTO,1,0,1,3.45,16.0,1.0,2.691666666666663,3.905555555555555,-2.66875,15.0,18.0,1.0,0
MC_A2,mercado_campesino,2026-07-10,4,9,15,2.066666666666667,0.8,0.1333333333333333,0.0666666666666666,0.0,,,,0.9333,ALTO,0,0,1,7.166666666666667,8.0,1.0,7.166666666666667,3.9739583333333326,-5.1,2.090909090909091,10.0,1.0,0
MC_A2,mercado_campesino,2026-07-10,4,10,33,2.090909090909091,0.696969696969697,0.303030303030303,0.0,0.0,,,,1.0,ALTO,0,0,1,2.066666666666667,9.0,1.0,4.616666666666663,4.616666666666666,0.0242424242424239,1.6176470588235294,11.0,1.0,0
MC_A2,mercado_campesino,2026-07-10,4,11,34,1.6176470588235294,0.7058823529411765,0.2941176470588235,0.0,0.0,,,,1.0,ALTO,0,0,1,2.090909090909091,10.0,1.0,2.078787878787874,3.7747474747474734,-0.4732620320855614,4.933333333333334,12.0,1.0,0
MC_A2,mercado_campesino,2026-07-10,4,12,15,4.933333333333334,0.4,0.5333333333333333,0.0666666666666666,0.0,,,,0.9333,ALTO,0,0,1,1.6176470588235294,11.0,1.0,1.854278074866306,1.9250742721330951,3.315686274509804,1.2903225806451613,13.0,1.0,0
MC_A2,mercado_campesino,2026-07-10,4,13,31,1.2903225806451613,0.8387096774193549,0.0967741935483871,0.064516129032258,0.0,,,,0.9355,ALTO,0,0,1,4.933333333333334,12.0,1.0,3.275490196078428,2.880629827688651,-3.643010752688173,3.5,14.0,1.0,0
MC_A2,mercado_campesino,2026-07-10,4,14,38,3.5,0.7105263157894737,0.1842105263157894,0.1052631578947368,0.0,,,,0.8947,ALTO,0,0,1,1.2903225806451613,13.0,1.0,3.111827956989244,2.613767657600674,2.209677419354839,9.666666666666666,15.0,1.0,0
MC_A2,mercado_campesino,2026-07-10,4,15,3,9.666666666666666,0.0,0.6666666666666666,0.3333333333333333,0.0,,,,0.6667,MEDIO,0,0,1,3.5,14.0,1.0,2.395161290322577,3.2412186379928314,6.166666666666666,3.804878048780488,16.0,1.0,0
MC_A2,mercado_campesino,2026-07-10,4,17,15,0.2,0.9333333333333332,0.0666666666666666,0.0,0.0,,,,1.0,ALTO,1,0,1,3.804878048780488,16.0,1.0,6.735772357723573,5.657181571815717,-3.604878048780488,5.68,18.0,1.0,0
MC_A2,mercado_campesino,2026-07-10,4,18,25,5.68,0.48,0.36,0.16,0.0,,,,0.84,ALTO,1,0,1,0.2,17.0,1.0,2.0024390243902404,4.557181571815717,5.48,5.214285714285714,19.0,1.0,0
MC_A3,mercado_campesino,2026-05-01,4,14,1,16.0,0.0,0.0,1.0,0.0,27.7,14.5,0.0,0.0,BAJO,0,0,2,7.0,9.0,5.0,7.0,6.34,9.0,24.0,16.0,2.0,0
MC_A3,mercado_campesino,2026-05-05,1,11,1,19.0,0.0,0.0,1.0,0.0,25.0,14.4,0.0,0.0,BAJO,0,0,2,,,,,,,0.0,13.0,2.0,0
MC_A3,mercado_campesino,2026-05-05,1,13,1,0.0,1.0,0.0,0.0,0.0,25.0,14.4,0.0,1.0,ALTO,0,0,2,19.0,11.0,2.0,19.0,19.0,-19.0,0.0,15.0,2.0,0
MC_A3,mercado_campesino,2026-05-05,1,15,1,0.0,1.0,0.0,0.0,0.0,25.0,14.4,0.0,1.0,ALTO,0,0,2,0.0,13.0,2.0,9.499999999999996,9.5,0.0,0.0,16.0,1.0,0
MC_A3,mercado_campesino,2026-05-06,2,7,3,11.333333333333334,0.3333333333333333,0.3333333333333333,0.3333333333333333,0.0,29.3,14.5,0.0,0.6667,MEDIO,1,0,2,,,,0.0,0.0,,14.0,8.0,1.0,0
MC_A3,mercado_campesino,2026-05-06,2,8,1,14.0,0.0,1.0,0.0,0.0,29.3,14.5,0.0,1.0,ALTO,1,0,2,11.333333333333334,7.0,1.0,11.333333333333334,5.666666666666667,2.666666666666666,1.0,9.0,1.0,0
MC_A3,mercado_campesino,2026-05-06,2,13,1,22.0,0.0,0.0,1.0,0.0,29.3,14.5,0.0,0.0,BAJO,0,0,2,13.0,10.0,3.0,6.9999999999999964,9.333333333333334,9.0,0.0,15.0,2.0,0
MC_A3,mercado_campesino,2026-05-06,2,15,3,0.0,1.0,0.0,0.0,0.0,29.3,14.5,0.0,1.0,ALTO,0,0,2,22.0,13.0,2.0,17.499999999999996,12.0,-22.0,19.0,16.0,1.0,0
MC_A3,mercado_campesino,2026-05-07,3,8,1,25.0,0.0,0.0,1.0,0.0,29.7,12.8,0.0,0.0,BAJO,1,0,2,,,,0.0,11.0,,23.0,9.0,1.0,0
MC_A3,mercado_campesino,2026-05-07,3,13,1,0.0,1.0,0.0,0.0,0.0,29.7,12.8,0.0,1.0,ALTO,0,0,2,23.0,9.0,4.0,24.0,24.0,-23.0,0.0,14.0,1.0,0
MC_A3,mercado_campesino,2026-05-07,3,14,1,0.0,1.0,0.0,0.0,0.0,29.7,12.8,0.0,1.0,ALTO,0,0,2,0.0,13.0,1.0,11.499999999999996,16.0,0.0,0.0,15.0,1.0,0
MC_A3,mercado_campesino,2026-05-08,4,14,1,16.0,0.0,0.0,1.0,0.0,32.8,11.1,0.0,0.0,BAJO,0,0,2,7.0,9.0,5.0,7.0,3.5,9.0,24.0,16.0,2.0,0
MC_A3,mercado_campesino,2026-05-12,1,15,1,0.0,1.0,0.0,0.0,0.0,27.2,7.2,0.0,1.0,ALTO,0,0,2,0.0,13.0,2.0,9.499999999999996,9.5,0.0,0.0,16.0,1.0,0
MC_A3,mercado_campesino,2026-05-13,2,7,3,11.333333333333334,0.3333333333333333,0.3333333333333333,0.3333333333333333,0.0,29.5,8.4,0.0,0.6667,MEDIO,1,0,2,,,,0.0,0.0,,14.0,8.0,1.0,0
MC_A3,mercado_campesino,2026-05-13,2,8,1,14.0,0.0,1.0,0.0,0.0,29.5,8.4,0.0,1.0,ALTO,1,0,2,11.333333333333334,7.0,1.0,11.333333333333334,5.666666666666667,2.666666666666666,1.0,9.0,1.0,0
MC_A3,mercado_campesino,2026-05-13,2,9,1,1.0,0.0,1.0,0.0,0.0,29.5,8.4,0.0,1.0,ALTO,0,0,2,14.0,8.0,1.0,12.666666666666664,12.666666666666668,-13.0,13.0,10.0,1.0,0
MC_A3,mercado_campesino,2026-05-13,2,10,1,13.0,0.0,1.0,0.0,0.0,29.5,8.4,0.0,1.0,ALTO,0,0,2,1.0,9.0,1.0,7.4999999999999964,8.777777777777779,12.0,22.0,13.0,3.0,0
MC_A3,mercado_campesino,2026-05-13,2,13,1,22.0,0.0,0.0,1.0,0.0,29.5,8.4,0.0,0.0,BAJO,0,0,2,13.0,10.0,3.0,6.9999999999999964,9.333333333333334,9.0,0.0,15.0,2.0,0
MC_A3,mercado_campesino,2026-05-13,2,15,3,0.0,1.0,0.0,0.0,0.0,29.5,8.4,0.0,1.0,ALTO,0,0,2,22.0,13.0,2.0,17.499999999999996,12.0,-22.0,19.0,16.0,1.0,0
MC_A3,mercado_campesino,2026-05-14,3,8,1,25.0,0.0,0.0,1.0,0.0,29.1,6.5,0.0,0.0,BAJO,1,0,2,,,,0.0,11.0,,23.0,9.0,1.0,0
MC_A3,mercado_campesino,2026-05-14,3,13,1,0.0,1.0,0.0,0.0,0.0,29.1,6.5,0.0,1.0,ALTO,0,0,2,23.0,9.0,4.0,24.0,24.0,-23.0,0.0,14.0,1.0,0
MC_A3,mercado_campesino,2026-05-14,3,14,1,0.0,1.0,0.0,0.0,0.0,29.1,6.5,0.0,1.0,ALTO,0,0,2,0.0,13.0,1.0,11.499999999999996,16.0,0.0,0.0,15.0,1.0,0
MC_A3,mercado_campesino,2026-05-15,4,14,1,16.0,0.0,0.0,1.0,0.0,26.3,10.2,0.0,0.0,BAJO,0,0,2,7.0,9.0,5.0,7.0,3.5,9.0,24.0,16.0,2.0,0
MC_A3,mercado_campesino,2026-05-19,1,11,1,19.0,0.0,0.0,1.0,0.0,27.4,8.1,0.0,0.0,BAJO,0,0,2,,,,,,,0.0,13.0,2.0,0
MC_A3,mercado_campesino,2026-05-19,1,13,1,0.0,1.0,0.0,0.0,0.0,27.4,8.1,0.0,1.0,ALTO,0,0,2,19.0,11.0,2.0,19.0,19.0,-19.0,0.0,15.0,2.0,0
MC_A3,mercado_campesino,2026-05-19,1,15,1,0.0,1.0,0.0,0.0,0.0,27.4,8.1,0.0,1.0,ALTO,0,0,2,0.0,13.0,2.0,9.499999999999996,9.5,0.0,0.0,16.0,1.0,0
MC_A3,mercado_campesino,2026-05-20,2,7,3,11.333333333333334,0.3333333333333333,0.3333333333333333,0.3333333333333333,0.0,23.2,9.6,0.0,0.6667,MEDIO,1,0,2,,,,0.0,0.0,,14.0,8.0,1.0,0
MC_A3,mercado_campesino,2026-05-20,2,8,1,14.0,0.0,1.0,0.0,0.0,23.2,9.6,0.0,1.0,ALTO,1,0,2,11.333333333333334,7.0,1.0,11.333333333333334,5.666666666666667,2.666666666666666,1.0,9.0,1.0,0
MC_A3,mercado_campesino,2026-05-20,2,9,1,1.0,0.0,1.0,0.0,0.0,23.2,9.6,0.0,1.0,ALTO,0,0,2,14.0,8.0,1.0,12.666666666666664,12.666666666666668,-13.0,13.0,10.0,1.0,0
MC_A3,mercado_campesino,2026-05-20,2,10,1,13.0,0.0,1.0,0.0,0.0,23.2,9.6,0.0,1.0,ALTO,0,0,2,1.0,9.0,1.0,7.4999999999999964,8.777777777777779,12.0,22.0,13.0,3.0,0
MC_A3,mercado_campesino,2026-05-20,2,15,3,0.0,1.0,0.0,0.0,0.0,23.2,9.6,0.0,1.0,ALTO,0,0,2,22.0,13.0,2.0,17.499999999999996,12.0,-22.0,19.0,16.0,1.0,0
MC_A3,mercado_campesino,2026-05-21,3,8,1,25.0,0.0,0.0,1.0,0.0,24.5,12.3,0.0,0.0,BAJO,1,0,2,,,,0.0,11.0,,23.0,9.0,1.0,0
MC_A3,mercado_campesino,2026-05-21,3,13,1,0.0,1.0,0.0,0.0,0.0,24.5,12.3,0.0,1.0,ALTO,0,0,2,23.0,9.0,4.0,24.0,24.0,-23.0,0.0,14.0,1.0,0
MC_A3,mercado_campesino,2026-05-21,3,14,1,0.0,1.0,0.0,0.0,0.0,24.5,12.3,0.0,1.0,ALTO,0,0,2,0.0,13.0,1.0,11.499999999999996,16.0,0.0,0.0,15.0,1.0,0
MC_A3,mercado_campesino,2026-05-26,1,11,1,19.0,0.0,0.0,1.0,0.0,23.2,10.1,0.0,0.0,BAJO,0,0,2,,,,,,,0.0,13.0,2.0,0
MC_A3,mercado_campesino,2026-05-27,2,7,3,11.333333333333334,0.3333333333333333,0.3333333333333333,0.3333333333333333,0.0,31.0,3.7000000000000006,0.0,0.6667,MEDIO,1,0,2,,,,0.0,0.0,,14.0,8.0,1.0,0
MC_A3,mercado_campesino,2026-05-27,2,8,1,14.0,0.0,1.0,0.0,0.0,31.0,3.7,0.0,1.0,ALTO,1,0,2,11.333333333333334,7.0,1.0,11.333333333333334,5.666666666666667,2.666666666666666,1.0,9.0,1.0,0
MC_A3,mercado_campesino,2026-05-27,2,9,1,1.0,0.0,1.0,0.0,0.0,31.0,3.7,0.0,1.0,ALTO,0,0,2,14.0,8.0,1.0,12.666666666666664,12.666666666666668,-13.0,13.0,10.0,1.0,0
MC_A3,mercado_campesino,2026-05-27,2,10,1,13.0,0.0,1.0,0.0,0.0,31.0,3.7,0.0,1.0,ALTO,0,0,2,1.0,9.0,1.0,7.4999999999999964,8.777777777777779,12.0,22.0,13.0,3.0,0
MC_A3,mercado_campesino,2026-05-27,2,13,1,22.0,0.0,0.0,1.0,0.0,31.0,3.7,0.0,0.0,BAJO,0,0,2,13.0,10.0,3.0,6.9999999999999964,9.333333333333334,9.0,0.0,15.0,2.0,0
MC_A3,mercado_campesino,2026-05-27,2,15,3,0.0,1.0,0.0,0.0,0.0,31.0,3.7000000000000006,0.0,1.0,ALTO,0,0,2,22.0,13.0,2.0,17.499999999999996,12.0,-22.0,19.0,16.0,1.0,0
MC_A3,mercado_campesino,2026-05-28,3,8,1,25.0,0.0,0.0,1.0,0.0,15.9,3.3,0.0,0.0,BAJO,1,0,2,,,,0.0,11.0,,23.0,9.0,1.0,0
MC_A3,mercado_campesino,2026-05-28,3,14,1,0.0,1.0,0.0,0.0,0.0,15.9,3.3,0.0,1.0,ALTO,0,0,2,0.0,13.0,1.0,11.499999999999996,16.0,0.0,0.0,15.0,1.0,0
MC_A3,mercado_campesino,2026-06-09,1,15,12,6.666666666666667,0.3333333333333333,0.5,0.1666666666666666,0.0,16.2,8.8,0.0,0.8333,ALTO,0,0,2,,,,,,,10.833333333333334,17.0,2.0,0
MC_A3,mercado_campesino,2026-06-10,2,7,8,12.25,0.25,0.375,0.375,0.0,20.0,8.7,0.0,0.625,MEDIO,1,0,2,,,,6.666666666666667,6.666666666666667,,11.7,8.0,1.0,0
MC_A3,mercado_campesino,2026-06-10,2,8,10,11.7,0.3,0.3,0.4,0.0,20.0,8.7,0.0,0.6,MEDIO,1,0,2,12.25,7.0,1.0,12.25,9.458333333333334,-0.5500000000000007,9.333333333333334,9.0,1.0,0
MC_A3,mercado_campesino,2026-06-10,2,9,9,9.333333333333334,0.3333333333333333,0.2222222222222222,0.4444444444444444,0.0,20.0,8.7,0.0,0.5556,MEDIO,0,0,2,11.7,8.0,1.0,11.974999999999996,11.975,-2.3666666666666654,13.0,10.0,1.0,0
MC_A3,mercado_campesino,2026-06-10,2,16,10,12.0,0.4,0.1,0.4,0.1,20.0,8.7,0.0,0.5,MEDIO,0,0,2,13.0,10.0,6.0,11.166666666666664,11.344444444444443,-1.0,13.857142857142858,17.0,1.0,0
MC_A3,mercado_campesino,2026-06-10,2,17,7,13.857142857142858,0.1428571428571428,0.4285714285714285,0.4285714285714285,0.0,20.0,8.7,0.0,0.5714,MEDIO,1,0,2,12.0,16.0,1.0,12.499999999999996,11.444444444444445,1.8571428571428577,13.75,18.0,1.0,0
MC_A3,mercado_campesino,2026-06-10,2,18,8,13.75,0.125,0.25,0.625,0.0,20.0,8.7,0.0,0.375,BAJO,1,0,2,13.857142857142858,17.0,1.0,12.928571428571423,12.95238095238095,-0.1071428571428576,4.0,19.0,1.0,0
MC_A3,mercado_campesino,2026-06-21,6,6,9,10.11111111111111,0.0,0.8888888888888888,0.1111111111111111,0.0,29.100000000000005,0.2,0.0,0.8889,ALTO,0,0,2,,,,13.75,13.803571428571429,,18.166666666666668,7.0,1.0,0
MC_A3,mercado_campesino,2026-07-06,0,10,7,11.571428571428571,0.0,0.5714285714285714,0.4285714285714285,0.0,,,,0.5714,MEDIO,0,0,2,11.5,9.0,1.0,11.5,10.805555555555555,0.0714285714285711,10.846153846153848,11.0,1.0,0
MC_A3,mercado_campesino,2026-07-07,1,11,7,13.0,0.1428571428571428,0.4285714285714285,0.4285714285714285,0.0,,,,0.5714,MEDIO,0,0,2,,,,11.571428571428571,11.535714285714285,,13.11111111111111,12.0,1.0,0
MC_A3,mercado_campesino,2026-07-07,1,13,11,9.363636363636363,0.1818181818181818,0.6363636363636364,0.1818181818181818,0.0,,,,0.8182,ALTO,0,0,2,13.11111111111111,12.0,1.0,13.055555555555552,13.055555555555555,-3.7474747474747474,21.8,14.0,1.0,0
MC_A3,mercado_campesino,2026-07-07,1,14,5,21.8,0.0,0.2,0.8,0.0,,,,0.2,BAJO,0,0,2,9.363636363636363,13.0,1.0,11.237373737373732,11.824915824915823,12.436363636363636,6.5,15.0,1.0,0
MC_A3,mercado_campesino,2026-07-07,1,15,14,6.5,0.3571428571428571,0.5,0.1428571428571428,0.0,,,,0.8571,ALTO,0,0,2,21.8,14.0,1.0,15.581818181818178,14.758249158249155,-15.3,5.5,16.0,1.0,0
MC_A3,mercado_campesino,2026-07-07,1,17,11,9.181818181818182,0.4545454545454545,0.1818181818181818,0.3636363636363636,0.0,,,,0.6364,MEDIO,1,0,2,5.5,16.0,1.0,5.9999999999999964,11.266666666666666,3.6818181818181817,19.0,18.0,1.0,0
MC_A3,mercado_campesino,2026-07-08,2,7,7,20.857142857142858,0.0,0.4285714285714285,0.4285714285714285,0.1428571428571428,,,,0.4286,MEDIO,1,0,2,,,,19.0,14.09090909090909,,10.666666666666666,8.0,1.0,0
MC_A3,mercado_campesino,2026-07-08,2,8,6,10.666666666666666,0.0,0.6666666666666666,0.3333333333333333,0.0,,,,0.6667,MEDIO,1,0,2,20.857142857142858,7.0,1.0,20.857142857142858,19.92857142857143,-10.190476190476192,11.11111111111111,9.0,1.0,0
MC_A3,mercado_campesino,2026-07-08,2,9,18,11.11111111111111,0.2777777777777778,0.3333333333333333,0.3888888888888889,0.0,,,,0.6111,MEDIO,0,0,2,10.666666666666666,8.0,1.0,15.76190476190476,15.761904761904765,0.4444444444444446,8.384615384615385,10.0,1.0,0
MC_A3,mercado_campesino,2026-07-08,2,10,13,8.384615384615385,0.1538461538461538,0.7692307692307693,0.0769230769230769,0.0,,,,0.9231,ALTO,0,0,2,11.11111111111111,9.0,1.0,10.888888888888886,14.21164021164021,-2.7264957264957257,11.714285714285714,11.0,1.0,0
MC_A3,mercado_campesino,2026-07-08,2,12,10,15.1,0.0,0.5,0.5,0.0,,,,0.5,MEDIO,0,0,2,11.714285714285714,11.0,1.0,10.049450549450546,10.403337403337405,3.385714285714286,10.666666666666666,13.0,1.0,0
MC_A3,mercado_campesino,2026-07-08,2,14,11,10.272727272727272,0.2727272727272727,0.2727272727272727,0.4545454545454545,0.0,,,,0.5455,MEDIO,0,0,2,10.666666666666666,13.0,1.0,12.88333333333333,12.493650793650794,-0.3939393939393927,10.0,15.0,1.0,0
MC_A3,mercado_campesino,2026-07-08,2,16,9,13.22222222222222,0.2222222222222222,0.3333333333333333,0.4444444444444444,0.0,,,,0.5556,MEDIO,0,0,2,10.0,15.0,1.0,10.136363636363631,10.313131313131311,3.222222222222221,8.272727272727273,17.0,1.0,0
MC_A3,mercado_campesino,2026-07-08,2,17,11,8.272727272727273,0.2727272727272727,0.4545454545454545,0.2727272727272727,0.0,,,,0.7273,ALTO,1,0,2,13.22222222222222,16.0,1.0,11.611111111111107,11.164983164983164,-4.949494949494948,6.526315789473684,18.0,1.0,0
MC_A3,mercado_campesino,2026-07-09,3,10,8,14.5,0.125,0.5,0.375,0.0,,,,0.625,MEDIO,0,0,2,16.857142857142858,9.0,1.0,15.999999999999996,17.833333333333332,-2.3571428571428577,9.692307692307692,11.0,1.0,0
MC_A3,mercado_campesino,2026-07-09,3,11,13,9.692307692307692,0.0,0.8461538461538461,0.1538461538461538,0.0,,,,0.8462,ALTO,0,0,2,14.5,10.0,1.0,15.678571428571423,15.5,-4.807692307692308,12.8,12.0,1.0,0
MC_A3,mercado_campesino,2026-07-09,3,13,18,13.0,0.2222222222222222,0.3333333333333333,0.4444444444444444,0.0,,,,0.5556,MEDIO,0,0,2,12.8,12.0,1.0,11.246153846153842,12.33076923076923,0.1999999999999993,12.5,14.0,1.0,0
MC_A3,mercado_campesino,2026-07-09,3,14,8,12.5,0.25,0.375,0.375,0.0,,,,0.625,MEDIO,0,0,2,13.0,13.0,1.0,12.899999999999997,11.83076923076923,-0.5,7.75,15.0,1.0,0
MC_A3,mercado_campesino,2026-07-09,3,15,12,7.75,0.4166666666666667,0.3333333333333333,0.25,0.0,,,,0.75,ALTO,0,0,2,12.5,14.0,1.0,12.749999999999996,12.766666666666666,-4.75,20.666666666666668,16.0,1.0,0
MC_A3,mercado_campesino,2026-07-09,3,17,10,8.6,0.3,0.6,0.1,0.0,,,,0.9,ALTO,1,0,2,20.666666666666668,16.0,1.0,14.20833333333333,13.638888888888893,-12.066666666666668,6.684210526315789,18.0,1.0,0
MC_A3,mercado_campesino,2026-07-10,4,8,9,13.22222222222222,0.1111111111111111,0.4444444444444444,0.4444444444444444,0.0,,,,0.5556,MEDIO,1,0,2,,,,8.6,14.633333333333336,,11.75,9.0,1.0,0
MC_A3,mercado_campesino,2026-07-10,4,9,8,11.75,0.0,0.75,0.25,0.0,,,,0.75,ALTO,0,0,2,13.22222222222222,8.0,1.0,13.22222222222222,10.911111111111111,-1.4722222222222214,13.2,10.0,1.0,0
MC_A3,mercado_campesino,2026-07-10,4,10,10,13.2,0.2,0.5,0.3,0.0,,,,0.7,ALTO,0,0,2,11.75,9.0,1.0,12.486111111111107,12.48611111111111,1.4499999999999993,13.0,11.0,1.0,0
MC_A3,mercado_campesino,2026-07-10,4,11,7,13.0,0.2857142857142857,0.1428571428571428,0.5714285714285714,0.0,,,,0.4286,MEDIO,0,0,2,13.2,10.0,1.0,12.474999999999996,12.724074074074071,-0.1999999999999993,10.77777777777778,12.0,1.0,0
MC_A3,mercado_campesino,2026-07-10,4,13,9,9.444444444444445,0.2222222222222222,0.4444444444444444,0.3333333333333333,0.0,,,,0.6667,MEDIO,0,0,2,10.77777777777778,12.0,1.0,11.888888888888886,12.325925925925924,-1.333333333333334,13.88888888888889,14.0,1.0,0
MC_A3,mercado_campesino,2026-07-10,4,14,9,13.88888888888889,0.1111111111111111,0.4444444444444444,0.4444444444444444,0.0,,,,0.5556,MEDIO,0,0,2,9.444444444444445,13.0,1.0,10.111111111111107,11.074074074074074,4.444444444444445,10.0,15.0,1.0,0
MC_A3,mercado_campesino,2026-07-10,4,15,7,10.0,0.1428571428571428,0.5714285714285714,0.2857142857142857,0.0,,,,0.7143,ALTO,0,0,2,13.88888888888889,14.0,1.0,11.666666666666664,11.370370370370372,-3.888888888888889,14.571428571428571,16.0,1.0,0
MC_A3,mercado_campesino,2026-07-10,4,16,14,14.571428571428571,0.0714285714285714,0.4285714285714285,0.5,0.0,,,,0.5,MEDIO,0,0,2,10.0,15.0,1.0,11.94444444444444,11.111111111111112,4.571428571428571,14.444444444444445,17.0,1.0,0
MC_A3,mercado_campesino,2026-07-10,4,17,9,14.444444444444445,0.0,0.6666666666666666,0.3333333333333333,0.0,,,,0.6667,MEDIO,1,0,2,14.571428571428571,16.0,1.0,12.28571428571428,12.82010582010582,-0.1269841269841265,10.818181818181818,18.0,1.0,0
MC_A3,mercado_campesino,2026-07-10,4,18,11,10.818181818181818,0.2727272727272727,0.2727272727272727,0.4545454545454545,0.0,,,,0.5455,MEDIO,1,0,2,14.444444444444445,17.0,1.0,14.507936507936504,13.005291005291005,-3.6262626262626254,11.333333333333334,19.0,1.0,0
MC_A4,mercado_campesino,2026-05-05,1,13,1,0.0,1.0,0.0,0.0,0.0,25.0,14.4,0.0,1.0,ALTO,0,0,3,,,,,,,0.0,14.0,1.0,0
MC_A4,mercado_campesino,2026-05-06,2,7,4,0.0,1.0,0.0,0.0,0.0,29.3,14.5,0.0,1.0,ALTO,1,0,3,,,,0.0,0.0,,10.0,8.0,1.0,0
MC_A4,mercado_campesino,2026-05-06,2,11,1,0.0,1.0,0.0,0.0,0.0,29.3,14.5,0.0,1.0,ALTO,0,0,3,10.0,8.0,3.0,4.9999999999999964,5.0,-10.0,21.0,13.0,2.0,0
MC_A4,mercado_campesino,2026-05-06,2,13,1,21.0,0.0,0.0,1.0,0.0,29.3,14.5,0.0,0.0,BAJO,0,0,3,0.0,11.0,2.0,4.9999999999999964,3.333333333333333,21.0,0.0,15.0,2.0,0
MC_A4,mercado_campesino,2026-05-06,2,15,1,0.0,1.0,0.0,0.0,0.0,29.3,14.5,0.0,1.0,ALTO,0,0,3,21.0,13.0,2.0,10.499999999999996,10.333333333333334,-21.0,25.0,16.0,1.0,0
MC_A4,mercado_campesino,2026-05-07,3,9,2,8.5,0.5,0.0,0.5,0.0,29.7,12.8,0.0,0.5,MEDIO,0,0,3,,,,0.0,10.5,,0.0,11.0,2.0,0
MC_A4,mercado_campesino,2026-05-07,3,11,6,0.0,1.0,0.0,0.0,0.0,29.7,12.800000000000002,0.0,1.0,ALTO,0,0,3,8.5,9.0,2.0,8.5,4.25,-8.5,10.5,13.0,2.0,0
MC_A4,mercado_campesino,2026-05-12,1,13,1,0.0,1.0,0.0,0.0,0.0,27.2,7.2,0.0,1.0,ALTO,0,0,3,,,,,,,0.0,14.0,1.0,0
MC_A4,mercado_campesino,2026-05-13,2,7,4,0.0,1.0,0.0,0.0,0.0,29.5,8.4,0.0,1.0,ALTO,1,0,3,,,,0.0,0.0,,10.0,8.0,1.0,0
MC_A4,mercado_campesino,2026-05-13,2,8,1,10.0,0.0,1.0,0.0,0.0,29.5,8.4,0.0,1.0,ALTO,1,0,3,0.0,7.0,1.0,0.0,0.0,10.0,0.0,11.0,3.0,0
MC_A4,mercado_campesino,2026-05-13,2,11,1,0.0,1.0,0.0,0.0,0.0,29.5,8.4,0.0,1.0,ALTO,0,0,3,10.0,8.0,3.0,4.9999999999999964,5.0,-10.0,21.0,13.0,2.0,0
MC_A4,mercado_campesino,2026-05-13,2,13,1,21.0,0.0,0.0,1.0,0.0,29.5,8.4,0.0,0.0,BAJO,0,0,3,0.0,11.0,2.0,4.9999999999999964,3.333333333333333,21.0,0.0,15.0,2.0,0
MC_A4,mercado_campesino,2026-05-13,2,15,1,0.0,1.0,0.0,0.0,0.0,29.5,8.4,0.0,1.0,ALTO,0,0,3,21.0,13.0,2.0,10.499999999999996,10.333333333333334,-21.0,25.0,16.0,1.0,0
MC_A4,mercado_campesino,2026-05-14,3,8,1,21.0,0.0,0.0,1.0,0.0,29.1,6.5,0.0,0.0,BAJO,1,0,3,,,,0.0,10.5,,8.5,9.0,1.0,0
MC_A4,mercado_campesino,2026-05-14,3,9,2,8.5,0.5,0.0,0.5,0.0,29.1,6.5,0.0,0.5,MEDIO,0,0,3,21.0,8.0,1.0,21.0,10.5,-12.5,0.0,11.0,2.0,0
MC_A4,mercado_campesino,2026-05-14,3,11,6,0.0,1.0,0.0,0.0,0.0,29.100000000000005,6.5,0.0,1.0,ALTO,0,0,3,8.5,9.0,2.0,14.749999999999996,14.75,-8.5,10.5,13.0,2.0,0
MC_A4,mercado_campesino,2026-05-19,1,13,1,0.0,1.0,0.0,0.0,0.0,27.4,8.1,0.0,1.0,ALTO,0,0,3,,,,,,,0.0,14.0,1.0,0
MC_A4,mercado_campesino,2026-05-19,1,14,1,0.0,1.0,0.0,0.0,0.0,27.4,8.1,0.0,1.0,ALTO,0,0,3,0.0,13.0,1.0,0.0,0.0,0.0,0.0,15.0,1.0,0
MC_A4,mercado_campesino,2026-05-20,2,7,4,0.0,1.0,0.0,0.0,0.0,23.2,9.6,0.0,1.0,ALTO,1,0,3,,,,0.0,0.0,,10.0,8.0,1.0,0
MC_A4,mercado_campesino,2026-05-20,2,8,1,10.0,0.0,1.0,0.0,0.0,23.2,9.6,0.0,1.0,ALTO,1,0,3,0.0,7.0,1.0,0.0,0.0,10.0,0.0,11.0,3.0,0
MC_A4,mercado_campesino,2026-05-20,2,11,1,0.0,1.0,0.0,0.0,0.0,23.2,9.6,0.0,1.0,ALTO,0,0,3,10.0,8.0,3.0,4.9999999999999964,5.0,-10.0,21.0,13.0,2.0,0
MC_A4,mercado_campesino,2026-05-20,2,15,1,0.0,1.0,0.0,0.0,0.0,23.2,9.6,0.0,1.0,ALTO,0,0,3,21.0,13.0,2.0,10.499999999999996,10.333333333333334,-21.0,25.0,16.0,1.0,0
MC_A4,mercado_campesino,2026-05-21,3,9,2,8.5,0.5,0.0,0.5,0.0,24.5,12.3,0.0,0.5,MEDIO,0,0,3,,,,0.0,10.5,,0.0,11.0,2.0,0
MC_A4,mercado_campesino,2026-05-21,3,11,6,0.0,1.0,0.0,0.0,0.0,24.5,12.300000000000002,0.0,1.0,ALTO,0,0,3,8.5,9.0,2.0,8.5,4.25,-8.5,10.5,13.0,2.0,0
MC_A4,mercado_campesino,2026-05-26,1,14,1,0.0,1.0,0.0,0.0,0.0,23.2,10.1,0.0,1.0,ALTO,0,0,3,0.0,13.0,1.0,0.0,0.0,0.0,0.0,15.0,1.0,0
MC_A4,mercado_campesino,2026-05-27,2,7,4,0.0,1.0,0.0,0.0,0.0,31.0,3.7,0.0,1.0,ALTO,1,0,3,,,,0.0,0.0,,10.0,8.0,1.0,0
MC_A4,mercado_campesino,2026-05-27,2,8,1,10.0,0.0,1.0,0.0,0.0,31.0,3.7,0.0,1.0,ALTO,1,0,3,0.0,7.0,1.0,0.0,0.0,10.0,0.0,11.0,3.0,0
MC_A4,mercado_campesino,2026-05-27,2,11,1,0.0,1.0,0.0,0.0,0.0,31.0,3.7,0.0,1.0,ALTO,0,0,3,10.0,8.0,3.0,4.9999999999999964,5.0,-10.0,21.0,13.0,2.0,0
MC_A4,mercado_campesino,2026-05-27,2,13,1,21.0,0.0,0.0,1.0,0.0,31.0,3.7,0.0,0.0,BAJO,0,0,3,0.0,11.0,2.0,4.9999999999999964,3.333333333333333,21.0,0.0,15.0,2.0,0
MC_A4,mercado_campesino,2026-05-27,2,15,1,0.0,1.0,0.0,0.0,0.0,31.0,3.7,0.0,1.0,ALTO,0,0,3,21.0,13.0,2.0,10.499999999999996,10.333333333333334,-21.0,25.0,16.0,1.0,0
MC_A4,mercado_campesino,2026-05-28,3,8,1,21.0,0.0,0.0,1.0,0.0,15.9,3.3,0.0,0.0,BAJO,1,0,3,,,,0.0,10.5,,8.5,9.0,1.0,0
MC_A4,mercado_campesino,2026-05-28,3,9,2,8.5,0.5,0.0,0.5,0.0,15.9,3.3,0.0,0.5,MEDIO,0,0,3,21.0,8.0,1.0,21.0,10.5,-12.5,0.0,11.0,2.0,0
MC_A4,mercado_campesino,2026-05-28,3,11,6,0.0,1.0,0.0,0.0,0.0,15.9,3.2999999999999994,0.0,1.0,ALTO,0,0,3,8.5,9.0,2.0,14.749999999999996,14.75,-8.5,10.5,13.0,2.0,0
MC_A4,mercado_campesino,2026-06-09,1,15,3,9.333333333333334,0.3333333333333333,0.3333333333333333,0.3333333333333333,0.0,16.2,8.8,0.0,0.6667,MEDIO,0,0,3,,,,,0.0,,13.25,17.0,2.0,0
MC_A4,mercado_campesino,2026-06-10,2,7,6,8.833333333333334,0.1666666666666666,0.6666666666666666,0.1666666666666666,0.0,20.0,8.7,0.0,0.8333,ALTO,1,0,3,,,,9.333333333333334,9.333333333333334,,6.5,8.0,1.0,0
MC_A4,mercado_campesino,2026-06-10,2,8,8,6.5,0.375,0.5,0.125,0.0,20.0,8.7,0.0,0.875,ALTO,1,0,3,8.833333333333334,7.0,1.0,8.833333333333334,9.083333333333334,-2.333333333333334,6.375,9.0,1.0,0
MC_A4,mercado_campesino,2026-06-10,2,16,5,7.0,0.4,0.4,0.2,0.0,20.0,8.7,0.0,0.8,ALTO,0,0,3,9.0,10.0,6.0,7.6874999999999964,7.291666666666667,-2.0,11.0,17.0,1.0,0
MC_A4,mercado_campesino,2026-06-10,2,18,4,7.75,0.5,0.25,0.25,0.0,20.0,8.7,0.0,0.75,ALTO,1,0,3,11.0,17.0,1.0,8.999999999999996,9.0,-3.25,2.3181818181818183,19.0,1.0,0
MC_A4,mercado_campesino,2026-06-21,6,6,4,6.75,0.25,0.5,0.25,0.0,29.1,0.2,0.0,0.75,ALTO,0,0,3,,,,7.75,9.375,,8.857142857142858,7.0,1.0,0
MC_A4,mercado_campesino,2026-07-06,0,9,6,4.0,0.5,0.5,0.0,0.0,,,,1.0,ALTO,0,0,3,,,,6.75,6.75,,5.35,11.0,2.0,0
MC_A4,mercado_campesino,2026-07-07,1,11,7,7.428571428571429,0.5714285714285714,0.1428571428571428,0.2857142857142857,0.0,,,,0.7143,ALTO,0,0,3,,,,4.0,4.0,,7.444444444444445,12.0,1.0,0
MC_A4,mercado_campesino,2026-07-07,1,12,9,7.444444444444445,0.5555555555555556,0.2222222222222222,0.2222222222222222,0.0,,,,0.7778,ALTO,0,0,3,7.428571428571429,11.0,1.0,7.428571428571429,5.714285714285714,0.0158730158730158,14.75,13.0,1.0,0
MC_A4,mercado_campesino,2026-07-07,1,13,4,14.75,0.0,0.25,0.75,0.0,,,,0.25,BAJO,0,0,3,7.444444444444445,12.0,1.0,7.436507936507933,7.436507936507937,7.305555555555555,6.888888888888889,14.0,1.0,0
MC_A4,mercado_campesino,2026-07-07,1,14,9,6.888888888888889,0.5555555555555556,0.2222222222222222,0.2222222222222222,0.0,,,,0.7778,ALTO,0,0,3,14.75,13.0,1.0,11.097222222222218,9.874338624338623,-7.861111111111111,13.0,15.0,1.0,0
MC_A4,mercado_campesino,2026-07-07,1,17,7,5.428571428571429,0.5714285714285714,0.2857142857142857,0.1428571428571428,0.0,,,,0.8571,ALTO,1,0,3,3.125,16.0,1.0,8.062499999999996,7.671296296296297,2.303571428571429,6.5,18.0,1.0,0
MC_A4,mercado_campesino,2026-07-07,1,18,4,6.5,0.25,0.5,0.25,0.0,,,,0.75,ALTO,1,0,3,5.428571428571429,17.0,1.0,4.276785714285711,7.18452380952381,1.0714285714285712,0.2592592592592592,21.0,3.0,0
MC_A4,mercado_campesino,2026-07-08,2,8,5,8.4,0.4,0.4,0.2,0.0,,,,0.8,ALTO,1,0,3,3.4375,7.0,1.0,3.4375,1.848379629629629,4.9625,7.714285714285714,9.0,1.0,0
MC_A4,mercado_campesino,2026-07-08,2,9,14,7.714285714285714,0.5714285714285714,0.2142857142857142,0.2142857142857142,0.0,,,,0.7857,ALTO,0,0,3,8.4,8.0,1.0,5.918749999999997,5.91875,-0.6857142857142859,7.333333333333333,10.0,1.0,0
MC_A4,mercado_campesino,2026-07-08,2,10,3,7.333333333333333,0.3333333333333333,0.6666666666666666,0.0,0.0,,,,1.0,ALTO,0,0,3,7.714285714285714,9.0,1.0,8.057142857142853,6.517261904761905,-0.3809523809523814,5.095238095238095,11.0,1.0,0
MC_A4,mercado_campesino,2026-07-08,2,11,21,5.095238095238095,0.4761904761904761,0.4285714285714285,0.0952380952380952,0.0,,,,0.9048,ALTO,0,0,3,7.333333333333333,10.0,1.0,7.52380952380952,7.815873015873016,-2.238095238095238,6.363636363636363,12.0,1.0,0
MC_A4,mercado_campesino,2026-07-08,2,12,11,6.363636363636363,0.3636363636363636,0.5454545454545454,0.0909090909090909,0.0,,,,0.9091,ALTO,0,0,3,5.095238095238095,11.0,1.0,6.21428571428571,6.714285714285714,1.2683982683982684,10.4,13.0,1.0,0
MC_A4,mercado_campesino,2026-07-08,2,13,5,10.4,0.4,0.2,0.4,0.0,,,,0.6,MEDIO,0,0,3,6.363636363636363,12.0,1.0,5.7294372294372256,6.264069264069264,4.036363636363637,27.0,14.0,1.0,0
MC_A4,mercado_campesino,2026-07-08,2,14,3,27.0,0.0,0.0,1.0,0.0,,,,0.0,BAJO,0,0,3,10.4,13.0,1.0,8.38181818181818,7.2862914862914865,16.6,12.4,15.0,1.0,0
MC_A4,mercado_campesino,2026-07-08,2,15,5,12.4,0.4,0.2,0.4,0.0,,,,0.6,MEDIO,0,0,3,27.0,14.0,1.0,18.7,14.587878787878788,-14.6,17.666666666666668,16.0,1.0,0
MC_A4,mercado_campesino,2026-07-08,2,16,3,17.666666666666668,0.0,0.3333333333333333,0.6666666666666666,0.0,,,,0.3333,BAJO,0,0,3,12.4,15.0,1.0,19.7,16.6,5.266666666666668,4.533333333333333,17.0,1.0,0
MC_A4,mercado_campesino,2026-07-08,2,17,15,4.533333333333333,0.4,0.5333333333333333,0.0666666666666666,0.0,,,,0.9333,ALTO,1,0,3,17.666666666666668,16.0,1.0,15.033333333333331,19.022222222222226,-13.133333333333336,2.0,18.0,1.0,0
MC_A4,mercado_campesino,2026-07-09,3,7,9,7.111111111111111,0.5555555555555556,0.2222222222222222,0.2222222222222222,0.0,,,,0.7778,ALTO,1,0,3,,,,2.0,3.2666666666666657,,10.166666666666666,8.0,1.0,0
MC_A4,mercado_campesino,2026-07-09,3,8,6,10.166666666666666,0.1666666666666666,0.5,0.3333333333333333,0.0,,,,0.6667,MEDIO,1,0,3,7.111111111111111,7.0,1.0,7.111111111111111,4.555555555555555,3.055555555555556,2.0303030303030303,9.0,1.0,0
MC_A4,mercado_campesino,2026-07-09,3,9,33,2.0303030303030303,0.7575757575757576,0.1818181818181818,0.0606060606060606,0.0,,,,0.9394,ALTO,0,0,3,10.166666666666666,8.0,1.0,8.638888888888886,8.63888888888889,-8.136363636363637,1.6272727272727272,11.0,2.0,0
MC_A4,mercado_campesino,2026-07-09,3,11,110,1.6272727272727272,0.8,0.1545454545454545,0.0454545454545454,0.0,,,,0.9545,ALTO,0,0,3,2.0303030303030303,9.0,2.0,6.098484848484844,6.436026936026935,-0.403030303030303,9.0,13.0,2.0,0
MC_A4,mercado_campesino,2026-07-09,3,14,6,9.666666666666666,0.5,0.1666666666666666,0.3333333333333333,0.0,,,,0.6667,MEDIO,0,0,3,9.0,13.0,1.0,5.31363636363636,4.219191919191919,0.6666666666666661,10.4,15.0,1.0,0
MC_A4,mercado_campesino,2026-07-09,3,15,5,10.4,0.4,0.2,0.4,0.0,,,,0.6,MEDIO,0,0,3,9.666666666666666,14.0,1.0,9.333333333333329,6.764646464646465,0.7333333333333343,10.333333333333334,16.0,1.0,0
MC_A4,mercado_campesino,2026-07-09,3,16,6,10.333333333333334,0.1666666666666666,0.6666666666666666,0.1666666666666666,0.0,,,,0.8333,ALTO,0,0,3,10.4,15.0,1.0,10.03333333333333,9.688888888888888,-0.0666666666666664,12.6,17.0,1.0,0
MC_A4,mercado_campesino,2026-07-09,3,17,5,12.6,0.2,0.4,0.4,0.0,,,,0.6,MEDIO,1,0,3,10.333333333333334,16.0,1.0,10.366666666666664,10.133333333333333,2.2666666666666657,10.5,18.0,1.0,0
MC_A4,mercado_campesino,2026-07-10,4,8,12,3.75,0.5,0.4166666666666667,0.0833333333333333,0.0,,,,0.9167,ALTO,1,0,3,,,,12.6,11.466666666666669,,2.4,9.0,1.0,0
MC_A4,mercado_campesino,2026-07-10,4,9,10,2.4,0.5,0.5,0.0,0.0,,,,1.0,ALTO,0,0,3,3.75,8.0,1.0,3.75,8.175,-1.35,3.1875,10.0,1.0,0
MC_A4,mercado_campesino,2026-07-10,4,10,16,3.1875,0.625,0.3125,0.0625,0.0,,,,0.9375,ALTO,0,0,3,2.4,9.0,1.0,3.0749999999999966,3.075,0.7875000000000001,5.0,11.0,1.0,0
MC_A4,mercado_campesino,2026-07-10,4,11,9,5.0,0.4444444444444444,0.4444444444444444,0.1111111111111111,0.0,,,,0.8889,ALTO,0,0,3,3.1875,10.0,1.0,2.7937499999999966,3.1125000000000003,1.8125,7.428571428571429,12.0,1.0,0
MC_A4,mercado_campesino,2026-07-10,4,13,6,9.0,0.1666666666666666,0.6666666666666666,0.1666666666666666,0.0,,,,0.8333,ALTO,0,0,3,7.428571428571429,12.0,1.0,6.214285714285711,5.205357142857143,1.5714285714285712,13.6,14.0,1.0,0
MC_A4,mercado_campesino,2026-07-10,4,18,19,4.7368421052631575,0.3684210526315789,0.5263157894736842,0.1052631578947368,0.0,,,,0.8947,ALTO,1,0,3,8.7,16.0,2.0,11.149999999999997,10.433333333333334,-3.9631578947368418,10.166666666666666,19.0,1.0,0
RSM_B1,rotonda_san_martin,2026-05-06,2,9,3,28.666666666666668,0.0,0.0,0.6666666666666666,0.3333333333333333,29.3,14.5,0.0,0.0,BAJO,0,1,4,,,,23.0,23.0,,32.0,10.0,1.0,0
RSM_B1,rotonda_san_martin,2026-05-07,3,8,1,24.0,0.0,0.0,1.0,0.0,29.7,12.8,0.0,0.0,BAJO,1,1,4,,,,32.0,30.333333333333336,,0.0,9.0,1.0,0
RSM_B1,rotonda_san_martin,2026-05-07,3,9,1,0.0,1.0,0.0,0.0,0.0,29.7,12.8,0.0,1.0,ALTO,0,1,4,24.0,8.0,1.0,24.0,28.0,-24.0,31.0,10.0,1.0,0
RSM_B1,rotonda_san_martin,2026-05-12,1,13,1,23.0,0.0,0.0,1.0,0.0,27.2,7.2,0.0,0.0,BAJO,0,1,4,,,,,0.0,,39.0,15.0,2.0,0
RSM_B1,rotonda_san_martin,2026-05-13,2,10,1,32.0,0.0,0.0,0.0,1.0,29.5,8.4,0.0,0.0,BAJO,0,1,4,28.666666666666668,9.0,1.0,28.666666666666668,25.833333333333336,3.333333333333332,15.0,13.0,3.0,0
RSM_B1,rotonda_san_martin,2026-05-13,2,13,1,15.0,0.0,1.0,0.0,0.0,29.5,8.4,0.0,1.0,ALTO,0,1,4,32.0,10.0,3.0,30.33333333333333,30.333333333333336,-17.0,0.0,15.0,2.0,0
RSM_B1,rotonda_san_martin,2026-05-14,3,8,1,24.0,0.0,0.0,1.0,0.0,29.1,6.5,0.0,0.0,BAJO,1,1,4,,,,15.0,23.5,,0.0,9.0,1.0,0
RSM_B1,rotonda_san_martin,2026-05-14,3,9,1,0.0,1.0,0.0,0.0,0.0,29.1,6.5,0.0,1.0,ALTO,0,1,4,24.0,8.0,1.0,24.0,19.5,-24.0,31.0,10.0,1.0,0
RSM_B1,rotonda_san_martin,2026-05-19,1,13,1,23.0,0.0,0.0,1.0,0.0,27.4,8.1,0.0,0.0,BAJO,0,1,4,,,,,0.0,,39.0,15.0,2.0,0
RSM_B1,rotonda_san_martin,2026-05-20,2,9,3,28.666666666666668,0.0,0.0,0.6666666666666666,0.3333333333333333,23.2,9.6,0.0,0.0,BAJO,0,1,4,,,,23.0,23.0,,32.0,10.0,1.0,0
RSM_B1,rotonda_san_martin,2026-05-20,2,13,1,15.0,0.0,1.0,0.0,0.0,23.2,9.6,0.0,1.0,ALTO,0,1,4,32.0,10.0,3.0,30.33333333333333,30.333333333333336,-17.0,0.0,15.0,2.0,0
RSM_B1,rotonda_san_martin,2026-05-21,3,8,1,24.0,0.0,0.0,1.0,0.0,24.5,12.3,0.0,0.0,BAJO,1,1,4,,,,15.0,23.5,,0.0,9.0,1.0,0
RSM_B1,rotonda_san_martin,2026-05-21,3,9,1,0.0,1.0,0.0,0.0,0.0,24.5,12.3,0.0,1.0,ALTO,0,1,4,24.0,8.0,1.0,24.0,19.5,-24.0,31.0,10.0,1.0,0
RSM_B1,rotonda_san_martin,2026-05-26,1,13,1,23.0,0.0,0.0,1.0,0.0,23.2,10.1,0.0,0.0,BAJO,0,1,4,,,,,0.0,,39.0,15.0,2.0,0
RSM_B1,rotonda_san_martin,2026-05-27,2,9,3,28.666666666666668,0.0,0.0,0.6666666666666666,0.3333333333333333,31.0,3.7000000000000006,0.0,0.0,BAJO,0,1,4,,,,23.0,23.0,,32.0,10.0,1.0,0
RSM_B1,rotonda_san_martin,2026-05-28,3,8,1,24.0,0.0,0.0,1.0,0.0,15.9,3.3,0.0,0.0,BAJO,1,1,4,,,,32.0,30.333333333333336,,0.0,9.0,1.0,0
RSM_B1,rotonda_san_martin,2026-05-28,3,9,1,0.0,1.0,0.0,0.0,0.0,15.9,3.3,0.0,1.0,ALTO,0,1,4,24.0,8.0,1.0,24.0,28.0,-24.0,31.0,10.0,1.0,0
RSM_B1,rotonda_san_martin,2026-06-09,1,15,4,21.5,0.0,0.25,0.5,0.25,16.2,8.8,0.0,0.25,BAJO,0,1,4,,,,,0.0,,29.5,17.0,2.0,0
RSM_B1,rotonda_san_martin,2026-06-10,2,7,3,34.333333333333336,0.0,0.0,0.3333333333333333,0.6666666666666666,20.0,8.7,0.0,0.0,BAJO,1,1,4,,,,21.5,21.5,,25.75,8.0,1.0,0
RSM_B1,rotonda_san_martin,2026-06-10,2,8,4,25.75,0.0,0.0,0.5,0.5,20.0,8.7,0.0,0.0,BAJO,1,1,4,34.333333333333336,7.0,1.0,34.333333333333336,27.916666666666668,-8.583333333333336,22.666666666666668,9.0,1.0,0
RSM_B1,rotonda_san_martin,2026-06-10,2,9,3,22.666666666666668,0.0,0.3333333333333333,0.3333333333333333,0.3333333333333333,20.0,8.7,0.0,0.3333,BAJO,0,1,4,25.75,8.0,1.0,30.041666666666664,30.041666666666668,-3.083333333333332,19.666666666666668,10.0,1.0,0
RSM_B1,rotonda_san_martin,2026-06-10,2,16,5,20.0,0.0,0.2,0.8,0.0,20.0,8.7,0.0,0.2,BAJO,0,1,4,19.666666666666668,10.0,6.0,21.166666666666664,22.694444444444446,0.3333333333333321,19.0,17.0,1.0,0
RSM_B1,rotonda_san_martin,2026-06-10,2,17,4,19.0,0.25,0.25,0.25,0.25,20.0,8.7,0.0,0.5,MEDIO,1,1,4,20.0,16.0,1.0,19.83333333333333,20.77777777777778,-1.0,10.444444444444445,18.0,1.0,0
RSM_B1,rotonda_san_martin,2026-06-21,6,6,7,11.428571428571429,0.5714285714285714,0.0,0.2857142857142857,0.1428571428571428,29.1,0.2,0.0,0.5714,MEDIO,0,1,4,,,,10.444444444444445,14.72222222222222,,20.0,7.0,1.0,0
RSM_B1,rotonda_san_martin,2026-07-06,0,9,3,29.0,0.0,0.0,0.6666666666666666,0.3333333333333333,,,,0.0,BAJO,0,1,4,,,,11.428571428571429,11.428571428571429,,22.666666666666668,10.0,1.0,0
RSM_B1,rotonda_san_martin,2026-07-06,0,10,3,22.666666666666668,0.0,0.3333333333333333,0.6666666666666666,0.0,,,,0.3333,BAJO,0,1,4,29.0,9.0,1.0,29.0,20.214285714285715,-6.333333333333332,24.0,11.0,1.0,0
RSM_B1,rotonda_san_martin,2026-07-07,1,11,4,21.0,0.25,0.0,0.75,0.0,,,,0.25,BAJO,0,1,4,,,,22.666666666666668,25.833333333333336,,38.5,12.0,1.0,0
RSM_B1,rotonda_san_martin,2026-07-07,1,12,2,38.5,0.0,0.0,0.0,1.0,,,,0.0,BAJO,0,1,4,21.0,11.0,1.0,21.0,21.833333333333336,17.5,27.0,13.0,1.0,0
RSM_B1,rotonda_san_martin,2026-07-07,1,13,3,27.0,0.0,0.0,1.0,0.0,,,,0.0,BAJO,0,1,4,38.5,12.0,1.0,29.75,29.75,-11.5,32.0,14.0,1.0,0
RSM_B1,rotonda_san_martin,2026-07-07,1,14,2,32.0,0.0,0.0,0.0,1.0,,,,0.0,BAJO,0,1,4,27.0,13.0,1.0,32.75,28.83333333333333,5.0,5.083333333333333,15.0,1.0,0
RSM_B1,rotonda_san_martin,2026-07-07,1,15,12,5.083333333333333,0.5,0.4166666666666667,0.0833333333333333,0.0,,,,0.9167,ALTO,0,1,4,32.0,14.0,1.0,29.5,32.5,-26.916666666666668,28.5,16.0,1.0,0
RSM_B1,rotonda_san_martin,2026-07-07,1,16,2,28.5,0.0,0.0,0.5,0.5,,,,0.0,BAJO,0,1,4,5.083333333333333,15.0,1.0,18.541666666666664,21.36111111111111,23.416666666666668,15.166666666666666,17.0,1.0,0
RSM_B1,rotonda_san_martin,2026-07-07,1,17,6,15.166666666666666,0.1666666666666666,0.3333333333333333,0.1666666666666666,0.3333333333333333,,,,0.5,MEDIO,1,1,4,28.5,16.0,1.0,16.791666666666664,21.86111111111111,-13.333333333333334,22.5,18.0,1.0,0
RSM_B1,rotonda_san_martin,2026-07-08,2,7,3,20.0,0.3333333333333333,0.0,0.3333333333333333,0.3333333333333333,,,,0.3333,BAJO,1,1,4,,,,15.166666666666666,21.83333333333333,,17.2,8.0,1.0,0
RSM_B1,rotonda_san_martin,2026-07-08,2,8,5,17.2,0.4,0.0,0.2,0.4,,,,0.4,MEDIO,1,1,4,20.0,7.0,1.0,20.0,17.583333333333336,-2.8000000000000007,14.153846153846152,9.0,1.0,0
RSM_B1,rotonda_san_martin,2026-07-08,2,9,13,14.153846153846152,0.3076923076923077,0.2307692307692307,0.3076923076923077,0.1538461538461538,,,,0.5385,MEDIO,0,1,4,17.2,8.0,1.0,18.599999999999994,18.6,-3.046153846153846,31.0,10.0,1.0,0
RSM_B1,rotonda_san_martin,2026-07-08,2,10,2,31.0,0.0,0.0,0.5,0.5,,,,0.0,BAJO,0,1,4,14.153846153846152,9.0,1.0,15.676923076923073,17.117948717948718,16.846153846153847,15.285714285714286,11.0,1.0,0
RSM_B1,rotonda_san_martin,2026-07-08,2,11,7,15.285714285714286,0.0,0.5714285714285714,0.4285714285714285,0.0,,,,0.5714,MEDIO,0,1,4,31.0,10.0,1.0,22.576923076923077,20.784615384615385,-15.714285714285714,33.0,12.0,1.0,0
RSM_B1,rotonda_san_martin,2026-07-08,2,12,3,33.0,0.0,0.0,0.3333333333333333,0.6666666666666666,,,,0.0,BAJO,0,1,4,15.285714285714286,11.0,1.0,23.14285714285714,20.14652014652015,17.714285714285715,23.0,13.0,1.0,0
RSM_B1,rotonda_san_martin,2026-07-08,2,13,3,23.0,0.0,0.3333333333333333,0.3333333333333333,0.3333333333333333,,,,0.3333,BAJO,0,1,4,33.0,12.0,1.0,24.14285714285714,26.42857142857143,-10.0,22.5,14.0,1.0,0
RSM_B1,rotonda_san_martin,2026-07-08,2,14,2,22.5,0.0,0.5,0.0,0.5,,,,0.5,MEDIO,0,1,4,23.0,13.0,1.0,28.0,23.761904761904763,-0.5,7.090909090909091,15.0,1.0,0
RSM_B1,rotonda_san_martin,2026-07-08,2,15,11,7.090909090909091,0.4545454545454545,0.3636363636363636,0.0909090909090909,0.0909090909090909,,,,0.8182,ALTO,0,1,4,22.5,14.0,1.0,22.75,26.166666666666668,-15.40909090909091,32.0,16.0,1.0,0
RSM_B1,rotonda_san_martin,2026-07-08,2,16,1,32.0,0.0,0.0,0.0,1.0,,,,0.0,BAJO,0,1,4,7.090909090909091,15.0,1.0,14.79545454545454,17.53030303030303,24.90909090909091,28.33333333333333,17.0,1.0,0
RSM_B1,rotonda_san_martin,2026-07-08,2,17,3,28.33333333333333,0.0,0.0,0.3333333333333333,0.6666666666666666,,,,0.0,BAJO,1,1,4,32.0,16.0,1.0,19.54545454545454,20.53030303030303,-3.666666666666668,36.0,18.0,1.0,0
RSM_B1,rotonda_san_martin,2026-07-09,3,7,1,35.0,0.0,0.0,0.0,1.0,,,,0.0,BAJO,1,1,4,,,,28.33333333333333,30.166666666666664,,18.8,8.0,1.0,0
RSM_B1,rotonda_san_martin,2026-07-09,3,8,5,18.8,0.2,0.0,0.8,0.0,,,,0.2,BAJO,1,1,4,35.0,7.0,1.0,35.0,31.666666666666664,-16.2,17.0,9.0,1.0,0
RSM_B1,rotonda_san_martin,2026-07-09,3,9,5,17.0,0.2,0.4,0.2,0.2,,,,0.6,MEDIO,0,1,4,18.8,8.0,1.0,26.9,26.9,-1.8000000000000007,19.5,10.0,1.0,0
RSM_B1,rotonda_san_martin,2026-07-09,3,11,3,12.0,0.3333333333333333,0.3333333333333333,0.3333333333333333,0.0,,,,0.6667,MEDIO,0,1,4,19.5,10.0,1.0,18.25,18.433333333333334,-7.5,20.0,12.0,1.0,0
RSM_B1,rotonda_san_martin,2026-07-09,3,12,5,20.0,0.0,0.4,0.4,0.2,,,,0.4,MEDIO,0,1,4,12.0,11.0,1.0,15.75,16.166666666666668,8.0,24.25,13.0,1.0,0
RSM_B1,rotonda_san_martin,2026-07-09,3,13,8,24.25,0.125,0.125,0.25,0.5,,,,0.25,BAJO,0,1,4,20.0,12.0,1.0,16.0,17.166666666666668,4.25,38.0,14.0,1.0,0
RSM_B1,rotonda_san_martin,2026-07-09,3,15,3,30.0,0.0,0.0,0.6666666666666666,0.3333333333333333,,,,0.0,BAJO,0,1,4,38.0,14.0,1.0,31.125,27.416666666666668,-8.0,23.0,16.0,1.0,0
RSM_B1,rotonda_san_martin,2026-07-09,3,16,3,23.0,0.0,0.3333333333333333,0.3333333333333333,0.3333333333333333,,,,0.3333,BAJO,0,1,4,30.0,15.0,1.0,34.0,30.75,-7.0,22.5,17.0,1.0,0
RSM_B1,rotonda_san_martin,2026-07-09,3,17,4,22.5,0.0,0.25,0.5,0.25,,,,0.25,BAJO,1,1,4,23.0,16.0,1.0,26.5,30.33333333333333,-0.5,23.0,18.0,1.0,0
RSM_B1,rotonda_san_martin,2026-07-10,4,8,2,33.5,0.0,0.0,0.5,0.5,,,,0.0,BAJO,1,1,4,,,,22.5,22.75,,19.25,9.0,1.0,0
RSM_B1,rotonda_san_martin,2026-07-10,4,9,4,19.25,0.25,0.25,0.25,0.25,,,,0.5,MEDIO,0,1,4,33.5,8.0,1.0,33.5,28.0,-14.25,15.0,10.0,1.0,0
RSM_B1,rotonda_san_martin,2026-07-10,4,10,4,15.0,0.5,0.0,0.25,0.25,,,,0.5,MEDIO,0,1,4,19.25,9.0,1.0,26.375,26.375,-4.25,16.0,11.0,1.0,0
RSM_B1,rotonda_san_martin,2026-07-10,4,11,4,16.0,0.25,0.25,0.5,0.0,,,,0.5,MEDIO,0,1,4,15.0,10.0,1.0,17.125,22.58333333333333,1.0,31.5,12.0,1.0,0
RSM_B1,rotonda_san_martin,2026-07-10,4,12,2,31.5,0.0,0.0,0.5,0.5,,,,0.0,BAJO,0,1,4,16.0,11.0,1.0,15.5,16.75,15.5,23.0,13.0,1.0,0
RSM_B1,rotonda_san_martin,2026-07-10,4,13,4,23.0,0.0,0.25,0.25,0.5,,,,0.25,BAJO,0,1,4,31.5,12.0,1.0,23.75,20.83333333333333,-8.5,19.25,14.0,1.0,0
RSM_B1,rotonda_san_martin,2026-07-10,4,14,4,19.25,0.25,0.25,0.0,0.5,,,,0.5,MEDIO,0,1,4,23.0,13.0,1.0,27.25,23.5,-3.75,23.0,15.0,1.0,0
RSM_B1,rotonda_san_martin,2026-07-10,4,15,5,23.0,0.0,0.4,0.4,0.2,,,,0.4,MEDIO,0,1,4,19.25,14.0,1.0,21.125,24.58333333333333,3.75,28.33333333333333,16.0,1.0,0
RSM_B1,rotonda_san_martin,2026-07-10,4,17,5,18.2,0.2,0.2,0.4,0.2,,,,0.4,MEDIO,1,1,4,28.33333333333333,16.0,1.0,25.666666666666664,23.52777777777777,-10.133333333333333,5.166666666666667,18.0,1.0,0
RSM_B1,rotonda_san_martin,2026-07-10,4,18,12,5.166666666666667,0.4166666666666667,0.5,0.0833333333333333,0.0,,,,0.9167,ALTO,1,1,4,18.2,17.0,1.0,23.266666666666666,23.177777777777777,-13.033333333333331,27.33333333333333,19.0,1.0,0
RSM_B2,rotonda_san_martin,2026-05-05,1,12,1,0.0,1.0,0.0,0.0,0.0,25.0,14.4,0.0,1.0,ALTO,0,1,5,,,,,,,0.0,15.0,3.0,0
RSM_B2,rotonda_san_martin,2026-05-12,1,12,1,0.0,1.0,0.0,0.0,0.0,27.2,7.2,0.0,1.0,ALTO,0,1,5,,,,,,,0.0,15.0,3.0,0
RSM_B2,rotonda_san_martin,2026-05-19,1,12,1,0.0,1.0,0.0,0.0,0.0,27.4,8.1,0.0,1.0,ALTO,0,1,5,,,,,,,0.0,15.0,3.0,0
RSM_B2,rotonda_san_martin,2026-05-26,1,12,1,0.0,1.0,0.0,0.0,0.0,23.2,10.1,0.0,1.0,ALTO,0,1,5,,,,,,,0.0,15.0,3.0,0
RSM_B2,rotonda_san_martin,2026-06-10,2,7,6,19.33333333333333,0.1666666666666666,0.1666666666666666,0.3333333333333333,0.3333333333333333,20.0,8.7,0.0,0.3333,BAJO,1,1,5,,,,31.75,31.75,,7.666666666666667,8.0,1.0,0
RSM_B2,rotonda_san_martin,2026-06-10,2,8,3,7.666666666666667,0.6666666666666666,0.0,0.3333333333333333,0.0,20.0,8.7,0.0,0.6667,MEDIO,1,1,5,19.33333333333333,7.0,1.0,19.33333333333333,25.541666666666664,-11.666666666666664,24.33333333333333,9.0,1.0,0
RSM_B2,rotonda_san_martin,2026-06-10,2,17,8,2.5,0.5,0.5,0.0,0.0,20.0,8.7,0.0,1.0,ALTO,1,1,5,25.2,16.0,1.0,16.6,19.177777777777777,-22.7,16.142857142857142,18.0,1.0,0
RSM_B2,rotonda_san_martin,2026-06-21,6,6,4,25.0,0.0,0.0,1.0,0.0,29.1,0.2,0.0,0.0,BAJO,0,1,5,,,,16.142857142857142,9.321428571428571,,23.0,7.0,1.0,0
RSM_B2,rotonda_san_martin,2026-07-06,0,9,2,12.5,0.5,0.0,0.5,0.0,,,,0.5,MEDIO,0,1,5,,,,25.0,25.0,,14.375,10.0,1.0,0
RSM_B2,rotonda_san_martin,2026-07-06,0,10,8,14.375,0.25,0.25,0.5,0.0,,,,0.5,MEDIO,0,1,5,12.5,9.0,1.0,12.5,18.75,1.875,14.25,11.0,1.0,0
RSM_B2,rotonda_san_martin,2026-07-07,1,11,7,13.571428571428571,0.2857142857142857,0.2857142857142857,0.4285714285714285,0.0,,,,0.5714,MEDIO,0,1,5,,,,14.375,13.4375,,20.0,12.0,1.0,0
RSM_B2,rotonda_san_martin,2026-07-07,1,12,1,20.0,0.0,0.0,1.0,0.0,,,,0.0,BAJO,0,1,5,13.571428571428571,11.0,1.0,13.571428571428571,13.973214285714285,6.428571428571429,17.833333333333332,13.0,1.0,0
RSM_B2,rotonda_san_martin,2026-07-07,1,13,6,17.833333333333332,0.1666666666666666,0.1666666666666666,0.6666666666666666,0.0,,,,0.3333,BAJO,0,1,5,20.0,12.0,1.0,16.785714285714285,16.785714285714285,-2.166666666666668,8.333333333333334,15.0,2.0,0
RSM_B2,rotonda_san_martin,2026-07-07,1,15,3,8.333333333333334,0.3333333333333333,0.6666666666666666,0.0,0.0,,,,1.0,ALTO,0,1,5,17.833333333333332,13.0,2.0,18.916666666666664,17.134920634920633,-9.499999999999998,28.0,16.0,1.0,0
RSM_B2,rotonda_san_martin,2026-07-08,2,7,1,28.0,0.0,0.0,1.0,0.0,,,,0.0,BAJO,1,1,5,,,,13.833333333333334,20.916666666666668,,30.5,8.0,1.0,0
RSM_B2,rotonda_san_martin,2026-07-08,2,8,4,30.5,0.0,0.0,0.5,0.5,,,,0.0,BAJO,1,1,5,28.0,7.0,1.0,28.0,20.916666666666668,2.5,20.428571428571427,9.0,1.0,0
RSM_B2,rotonda_san_martin,2026-07-08,2,11,6,17.666666666666668,0.1666666666666666,0.1666666666666666,0.6666666666666666,0.0,,,,0.3333,BAJO,0,1,5,20.428571428571427,9.0,2.0,25.464285714285708,26.30952380952381,-2.761904761904759,13.0,12.0,1.0,0
RSM_B2,rotonda_san_martin,2026-07-08,2,12,2,13.0,0.0,0.5,0.5,0.0,,,,0.5,MEDIO,0,1,5,17.666666666666668,11.0,1.0,19.047619047619044,22.865079365079367,-4.666666666666668,17.666666666666668,13.0,1.0,0
RSM_B2,rotonda_san_martin,2026-07-08,2,13,6,17.666666666666668,0.0,0.3333333333333333,0.6666666666666666,0.0,,,,0.3333,BAJO,0,1,5,13.0,12.0,1.0,15.33333333333333,17.03174603174603,4.666666666666668,30.0,14.0,1.0,0
RSM_B2,rotonda_san_martin,2026-07-08,2,14,1,30.0,0.0,0.0,1.0,0.0,,,,0.0,BAJO,0,1,5,17.666666666666668,13.0,1.0,15.33333333333333,16.11111111111111,12.333333333333332,19.142857142857142,15.0,1.0,0
RSM_B2,rotonda_san_martin,2026-07-08,2,17,6,20.33333333333333,0.0,0.1666666666666666,0.8333333333333334,0.0,,,,0.1667,BAJO,1,1,5,19.142857142857142,15.0,2.0,24.57142857142857,22.26984126984127,1.1904761904761898,1.9230769230769231,18.0,1.0,0
RSM_B2,rotonda_san_martin,2026-07-09,3,8,6,20.5,0.1666666666666666,0.0,0.8333333333333334,0.0,,,,0.1667,BAJO,1,1,5,,,,20.33333333333333,19.738095238095237,,15.0,10.0,2.0,0
RSM_B2,rotonda_san_martin,2026-07-09,3,10,7,15.0,0.2857142857142857,0.1428571428571428,0.5714285714285714,0.0,,,,0.4286,MEDIO,0,1,5,20.5,8.0,2.0,20.5,20.416666666666664,-5.5,0.0,11.0,1.0,0
RSM_B2,rotonda_san_martin,2026-07-09,3,11,1,0.0,1.0,0.0,0.0,0.0,,,,1.0,ALTO,0,1,5,15.0,10.0,1.0,17.749999999999996,17.75,-15.0,20.4,12.0,1.0,0
RSM_B2,rotonda_san_martin,2026-07-09,3,12,5,20.4,0.0,0.2,0.6,0.2,,,,0.2,BAJO,0,1,5,0.0,11.0,1.0,7.4999999999999964,11.833333333333334,20.4,17.285714285714285,13.0,1.0,0
RSM_B2,rotonda_san_martin,2026-07-09,3,13,7,17.285714285714285,0.2857142857142857,0.0,0.7142857142857143,0.0,,,,0.2857,BAJO,0,1,5,20.4,12.0,1.0,10.199999999999996,11.8,-3.114285714285714,15.0,14.0,1.0,0
RSM_B2,rotonda_san_martin,2026-07-09,3,14,2,15.0,0.0,0.5,0.5,0.0,,,,0.5,MEDIO,0,1,5,17.285714285714285,13.0,1.0,18.842857142857135,12.561904761904762,-2.2857142857142847,23.5,15.0,1.0,0
RSM_B2,rotonda_san_martin,2026-07-09,3,15,4,23.5,0.0,0.0,1.0,0.0,,,,0.0,BAJO,0,1,5,15.0,14.0,1.0,16.14285714285714,17.56190476190476,8.5,9.0,16.0,1.0,0
RSM_B2,rotonda_san_martin,2026-07-09,3,17,6,21.33333333333333,0.0,0.1666666666666666,0.8333333333333334,0.0,,,,0.1667,BAJO,1,1,5,9.0,16.0,1.0,16.249999999999996,15.833333333333334,12.333333333333332,5.666666666666667,18.0,1.0,0
RSM_B2,rotonda_san_martin,2026-07-10,4,9,6,13.833333333333334,0.3333333333333333,0.1666666666666666,0.3333333333333333,0.1666666666666666,,,,0.5,MEDIO,0,1,5,21.0,8.0,1.0,21.0,21.166666666666664,-7.166666666666666,4.5,12.0,3.0,0
RSM_B2,rotonda_san_martin,2026-07-10,4,12,8,4.5,0.5,0.5,0.0,0.0,,,,1.0,ALTO,0,1,5,13.833333333333334,9.0,3.0,17.416666666666664,17.416666666666668,-9.333333333333334,21.666666666666668,13.0,1.0,0
RSM_B2,rotonda_san_martin,2026-07-10,4,13,6,21.666666666666668,0.0,0.1666666666666666,0.8333333333333334,0.0,,,,0.1667,BAJO,0,1,5,4.5,12.0,1.0,9.166666666666664,13.111111111111112,17.166666666666668,22.0,14.0,1.0,0
RSM_B2,rotonda_san_martin,2026-07-10,4,14,1,22.0,0.0,0.0,1.0,0.0,,,,0.0,BAJO,0,1,5,21.666666666666668,13.0,1.0,13.083333333333329,13.333333333333334,0.3333333333333321,27.33333333333333,15.0,1.0,0
RSM_B2,rotonda_san_martin,2026-07-10,4,15,3,27.33333333333333,0.0,0.0,0.6666666666666666,0.3333333333333333,,,,0.0,BAJO,0,1,5,22.0,14.0,1.0,21.83333333333333,16.055555555555554,5.333333333333332,16.0,16.0,1.0,0
RSM_B2,rotonda_san_martin,2026-07-10,4,16,3,16.0,0.3333333333333333,0.0,0.6666666666666666,0.0,,,,0.3333,BAJO,0,1,5,27.33333333333333,15.0,1.0,24.66666666666666,23.666666666666668,-11.333333333333332,14.0,18.0,2.0,0
RSM_B2,rotonda_san_martin,2026-07-10,4,18,1,14.0,0.0,1.0,0.0,0.0,,,,1.0,ALTO,1,1,5,16.0,16.0,2.0,21.66666666666666,21.77777777777777,-2.0,8.0,19.0,1.0,0
RSM_B3,rotonda_san_martin,2026-05-01,4,9,2,13.0,0.5,0.0,0.5,0.0,27.7,14.5,0.0,0.5,MEDIO,0,1,6,,,,14.0,14.999999999999998,,25.0,12.0,3.0,0
RSM_B3,rotonda_san_martin,2026-05-01,4,12,1,25.0,0.0,0.0,1.0,0.0,27.7,14.5,0.0,0.0,BAJO,0,1,6,13.0,9.0,3.0,13.0,13.5,12.0,26.0,15.0,3.0,0
RSM_B3,rotonda_san_martin,2026-05-01,4,15,1,26.0,0.0,0.0,1.0,0.0,27.7,14.5,0.0,0.0,BAJO,0,1,6,25.0,12.0,3.0,18.999999999999996,19.0,1.0,12.0,16.0,1.0,0
RSM_B3,rotonda_san_martin,2026-05-05,1,14,1,0.0,1.0,0.0,0.0,0.0,25.0,14.4,0.0,1.0,ALTO,0,1,6,,,,,26.0,,0.0,16.0,2.0,0
RSM_B3,rotonda_san_martin,2026-05-06,2,10,2,15.0,0.5,0.0,0.5,0.0,29.3,14.5,0.0,0.5,MEDIO,0,1,6,,,,0.0,0.0,,25.0,12.0,2.0,0
RSM_B3,rotonda_san_martin,2026-05-06,2,12,1,25.0,0.0,0.0,1.0,0.0,29.3,14.5,0.0,0.0,BAJO,0,1,6,15.0,10.0,2.0,15.0,7.5,10.0,16.5,14.0,2.0,0
RSM_B3,rotonda_san_martin,2026-05-06,2,14,2,16.5,0.5,0.0,0.0,0.5,29.3,14.5,0.0,0.5,MEDIO,0,1,6,25.0,12.0,2.0,19.999999999999996,20.0,-8.5,5.0,16.0,2.0,0
RSM_B3,rotonda_san_martin,2026-05-08,4,9,2,13.0,0.5,0.0,0.5,0.0,32.8,11.1,0.0,0.5,MEDIO,0,1,6,,,,,16.5,,25.0,12.0,3.0,0
RSM_B3,rotonda_san_martin,2026-05-08,4,12,1,25.0,0.0,0.0,1.0,0.0,32.8,11.1,0.0,0.0,BAJO,0,1,6,13.0,9.0,3.0,13.0,13.0,12.0,26.0,15.0,3.0,0
RSM_B3,rotonda_san_martin,2026-05-08,4,15,1,26.0,0.0,0.0,1.0,0.0,32.8,11.1,0.0,0.0,BAJO,0,1,6,25.0,12.0,3.0,18.999999999999996,19.0,1.0,12.0,16.0,1.0,0
RSM_B3,rotonda_san_martin,2026-05-12,1,14,1,0.0,1.0,0.0,0.0,0.0,27.2,7.2,0.0,1.0,ALTO,0,1,6,,,,,26.0,,0.0,16.0,2.0,0
RSM_B3,rotonda_san_martin,2026-05-13,2,10,2,15.0,0.5,0.0,0.5,0.0,29.5,8.4,0.0,0.5,MEDIO,0,1,6,,,,0.0,0.0,,25.0,12.0,2.0,0
RSM_B3,rotonda_san_martin,2026-05-13,2,12,1,25.0,0.0,0.0,1.0,0.0,29.5,8.4,0.0,0.0,BAJO,0,1,6,15.0,10.0,2.0,15.0,7.5,10.0,16.5,14.0,2.0,0
RSM_B3,rotonda_san_martin,2026-05-15,4,9,2,13.0,0.5,0.0,0.5,0.0,26.3,10.2,0.0,0.5,MEDIO,0,1,6,,,,,16.5,,25.0,12.0,3.0,0
RSM_B3,rotonda_san_martin,2026-05-15,4,15,1,26.0,0.0,0.0,1.0,0.0,26.3,10.2,0.0,0.0,BAJO,0,1,6,25.0,12.0,3.0,18.999999999999996,19.0,1.0,12.0,16.0,1.0,0
RSM_B3,rotonda_san_martin,2026-05-19,1,14,1,0.0,1.0,0.0,0.0,0.0,27.4,8.1,0.0,1.0,ALTO,0,1,6,,,,,26.0,,0.0,16.0,2.0,0
RSM_B3,rotonda_san_martin,2026-05-20,2,10,2,15.0,0.5,0.0,0.5,0.0,23.2,9.6,0.0,0.5,MEDIO,0,1,6,,,,0.0,0.0,,25.0,12.0,2.0,0
RSM_B3,rotonda_san_martin,2026-05-20,2,12,1,25.0,0.0,0.0,1.0,0.0,23.2,9.6,0.0,0.0,BAJO,0,1,6,15.0,10.0,2.0,15.0,7.5,10.0,16.5,14.0,2.0,0
RSM_B3,rotonda_san_martin,2026-05-20,2,14,2,16.5,0.5,0.0,0.0,0.5,23.2,9.6,0.0,0.5,MEDIO,0,1,6,25.0,12.0,2.0,19.999999999999996,20.0,-8.5,5.0,16.0,2.0,0
RSM_B3,rotonda_san_martin,2026-05-22,4,12,1,25.0,0.0,0.0,1.0,0.0,24.1,13.4,0.0,0.0,BAJO,0,1,6,13.0,9.0,3.0,13.0,13.0,12.0,26.0,15.0,3.0,0
RSM_B3,rotonda_san_martin,2026-05-22,4,15,1,26.0,0.0,0.0,1.0,0.0,24.1,13.4,0.0,0.0,BAJO,0,1,6,25.0,12.0,3.0,18.999999999999996,19.0,1.0,12.0,16.0,1.0,0
RSM_B3,rotonda_san_martin,2026-05-26,1,14,1,0.0,1.0,0.0,0.0,0.0,23.2,10.1,0.0,1.0,ALTO,0,1,6,,,,,26.0,,0.0,16.0,2.0,0
RSM_B3,rotonda_san_martin,2026-05-27,2,10,2,15.0,0.5,0.0,0.5,0.0,31.0,3.7,0.0,0.5,MEDIO,0,1,6,,,,0.0,0.0,,25.0,12.0,2.0,0
RSM_B3,rotonda_san_martin,2026-05-27,2,14,2,16.5,0.5,0.0,0.0,0.5,31.0,3.7,0.0,0.5,MEDIO,0,1,6,25.0,12.0,2.0,19.999999999999996,20.0,-8.5,5.0,16.0,2.0,0
RSM_B3,rotonda_san_martin,2026-05-29,4,9,2,13.0,0.5,0.0,0.5,0.0,21.1,-0.7,0.0,0.5,MEDIO,0,1,6,,,,,16.5,,25.0,12.0,3.0,0
RSM_B3,rotonda_san_martin,2026-05-29,4,12,1,25.0,0.0,0.0,1.0,0.0,21.1,-0.7,0.0,0.0,BAJO,0,1,6,13.0,9.0,3.0,13.0,13.0,12.0,26.0,15.0,3.0,0
RSM_B3,rotonda_san_martin,2026-06-10,2,7,4,22.75,0.25,0.0,0.5,0.25,20.0,8.7,0.0,0.25,BAJO,1,1,6,,,,11.25,11.25,,10.166666666666666,8.0,1.0,0
RSM_B3,rotonda_san_martin,2026-06-10,2,8,6,10.166666666666666,0.5,0.1666666666666666,0.1666666666666666,0.1666666666666666,20.0,8.7,0.0,0.6667,MEDIO,1,1,6,22.75,7.0,1.0,22.75,17.0,-12.583333333333334,16.0,10.0,2.0,0
RSM_B3,rotonda_san_martin,2026-06-10,2,18,5,19.0,0.2,0.4,0.2,0.2,20.0,8.7,0.0,0.6,MEDIO,1,1,6,4.666666666666667,17.0,1.0,21.33333333333333,19.555555555555557,14.333333333333332,8.125,19.0,1.0,0
RSM_B3,rotonda_san_martin,2026-06-21,6,6,3,28.666666666666668,0.0,0.0,1.0,0.0,29.100000000000005,0.2,0.0,0.0,BAJO,0,1,6,,,,19.0,11.833333333333336,,25.33333333333333,7.0,1.0,0
RSM_B3,rotonda_san_martin,2026-07-06,0,10,6,26.666666666666668,0.0,0.1666666666666666,0.3333333333333333,0.5,,,,0.1667,BAJO,0,1,6,,,,28.666666666666668,28.666666666666668,,18.2,11.0,1.0,0
RSM_B3,rotonda_san_martin,2026-07-07,1,11,4,16.0,0.25,0.25,0.25,0.25,,,,0.5,MEDIO,0,1,6,,,,26.666666666666668,26.666666666666668,,18.5,12.0,1.0,0
RSM_B3,rotonda_san_martin,2026-07-07,1,12,6,18.5,0.1666666666666666,0.3333333333333333,0.1666666666666666,0.3333333333333333,,,,0.5,MEDIO,0,1,6,16.0,11.0,1.0,16.0,21.333333333333336,2.5,28.666666666666668,13.0,1.0,0
RSM_B3,rotonda_san_martin,2026-07-07,1,13,3,28.666666666666668,0.0,0.0,0.6666666666666666,0.3333333333333333,,,,0.0,BAJO,0,1,6,18.5,12.0,1.0,17.249999999999996,17.25,10.166666666666668,10.0,14.0,1.0,0
RSM_B3,rotonda_san_martin,2026-07-07,1,15,1,30.0,0.0,0.0,1.0,0.0,,,,0.0,BAJO,0,1,6,10.0,14.0,1.0,19.33333333333333,19.05555555555556,20.0,14.666666666666666,16.0,1.0,0
RSM_B3,rotonda_san_martin,2026-07-07,1,16,6,14.666666666666666,0.1666666666666666,0.3333333333333333,0.5,0.0,,,,0.5,MEDIO,0,1,6,30.0,15.0,1.0,20.0,22.88888888888889,-15.333333333333334,16.4,17.0,1.0,0
RSM_B3,rotonda_san_martin,2026-07-07,1,17,5,16.4,0.0,0.4,0.6,0.0,,,,0.4,MEDIO,1,1,6,14.666666666666666,16.0,1.0,22.33333333333333,18.22222222222222,1.7333333333333325,9.333333333333334,18.0,1.0,0
RSM_B3,rotonda_san_martin,2026-07-08,2,7,2,33.0,0.0,0.0,0.5,0.5,,,,0.0,BAJO,1,1,6,,,,16.4,15.533333333333331,,32.0,8.0,1.0,0
RSM_B3,rotonda_san_martin,2026-07-08,2,8,4,32.0,0.0,0.0,0.25,0.75,,,,0.0,BAJO,1,1,6,33.0,7.0,1.0,33.0,24.7,-1.0,24.4,9.0,1.0,0
RSM_B3,rotonda_san_martin,2026-07-08,2,9,5,24.4,0.0,0.4,0.0,0.6,,,,0.4,MEDIO,0,1,6,32.0,8.0,1.0,32.5,32.5,-7.600000000000001,10.6,10.0,1.0,0
RSM_B3,rotonda_san_martin,2026-07-08,2,10,10,10.6,0.5,0.1,0.4,0.0,,,,0.6,MEDIO,0,1,6,24.4,9.0,1.0,28.2,29.8,-13.8,20.33333333333333,11.0,1.0,0
RSM_B3,rotonda_san_martin,2026-07-08,2,11,3,20.33333333333333,0.3333333333333333,0.0,0.3333333333333333,0.3333333333333333,,,,0.3333,BAJO,0,1,6,10.6,10.0,1.0,17.499999999999996,22.33333333333333,9.733333333333333,13.625,12.0,1.0,0
RSM_B3,rotonda_san_martin,2026-07-08,2,12,8,13.625,0.125,0.5,0.25,0.125,,,,0.625,MEDIO,0,1,6,20.33333333333333,11.0,1.0,15.46666666666666,18.444444444444443,-6.708333333333332,32.5,13.0,1.0,0
RSM_B3,rotonda_san_martin,2026-07-08,2,14,9,6.888888888888889,0.5555555555555556,0.2222222222222222,0.2222222222222222,0.0,,,,0.7778,ALTO,0,1,6,32.5,13.0,1.0,23.0625,22.15277777777777,-25.61111111111111,10.666666666666666,15.0,1.0,0
RSM_B3,rotonda_san_martin,2026-07-08,2,15,3,10.666666666666666,0.3333333333333333,0.3333333333333333,0.3333333333333333,0.0,,,,0.6667,MEDIO,0,1,6,6.888888888888889,14.0,1.0,19.694444444444443,17.671296296296294,3.777777777777777,12.833333333333334,16.0,1.0,0
RSM_B3,rotonda_san_martin,2026-07-08,2,17,1,39.0,0.0,0.0,0.0,1.0,,,,0.0,BAJO,1,1,6,12.833333333333334,16.0,1.0,11.749999999999996,10.12962962962963,26.166666666666664,7.818181818181818,18.0,1.0,0
RSM_B3,rotonda_san_martin,2026-07-09,3,8,1,52.0,0.0,0.0,0.0,1.0,,,,0.0,BAJO,1,1,6,26.0,7.0,1.0,26.0,32.5,26.0,9.333333333333334,9.0,1.0,0
RSM_B3,rotonda_san_martin,2026-07-09,3,9,3,9.333333333333334,0.3333333333333333,0.3333333333333333,0.3333333333333333,0.0,,,,0.6667,MEDIO,0,1,6,52.0,8.0,1.0,39.0,39.0,-42.66666666666666,27.666666666666668,10.0,1.0,0
RSM_B3,rotonda_san_martin,2026-07-09,3,10,3,27.666666666666668,0.0,0.3333333333333333,0.0,0.6666666666666666,,,,0.3333,BAJO,0,1,6,9.333333333333334,9.0,1.0,30.666666666666664,29.11111111111111,18.333333333333336,14.375,11.0,1.0,0
RSM_B3,rotonda_san_martin,2026-07-09,3,12,11,19.90909090909091,0.0909090909090909,0.2727272727272727,0.4545454545454545,0.1818181818181818,,,,0.3636,BAJO,0,1,6,14.375,11.0,1.0,21.02083333333333,17.125,5.53409090909091,28.666666666666668,13.0,1.0,0
RSM_B3,rotonda_san_martin,2026-07-09,3,13,3,28.666666666666668,0.0,0.0,0.6666666666666666,0.3333333333333333,,,,0.0,BAJO,0,1,6,19.90909090909091,12.0,1.0,17.142045454545453,20.65025252525253,8.757575757575758,21.25,14.0,1.0,0
RSM_B3,rotonda_san_martin,2026-07-09,3,14,4,21.25,0.0,0.25,0.75,0.0,,,,0.25,BAJO,0,1,6,28.666666666666668,13.0,1.0,24.287878787878785,20.983585858585855,-7.416666666666668,26.5,15.0,1.0,0
RSM_B3,rotonda_san_martin,2026-07-09,3,16,7,11.285714285714286,0.4285714285714285,0.1428571428571428,0.4285714285714285,0.0,,,,0.5714,MEDIO,0,1,6,26.5,15.0,1.0,23.875,25.472222222222225,-15.214285714285714,26.75,17.0,1.0,0
RSM_B3,rotonda_san_martin,2026-07-09,3,17,4,26.75,0.0,0.0,0.75,0.25,,,,0.0,BAJO,1,1,6,11.285714285714286,16.0,1.0,18.89285714285714,19.678571428571427,15.464285714285714,7.533333333333333,18.0,1.0,0
RSM_B3,rotonda_san_martin,2026-07-10,4,8,8,13.5,0.125,0.5,0.375,0.0,,,,0.625,MEDIO,1,1,6,,,,26.75,19.01785714285714,,13.571428571428571,9.0,1.0,0
RSM_B3,rotonda_san_martin,2026-07-10,4,9,7,13.571428571428571,0.2857142857142857,0.4285714285714285,0.1428571428571428,0.1428571428571428,,,,0.7143,ALTO,0,1,6,13.5,8.0,1.0,13.5,20.125,0.0714285714285711,22.75,10.0,1.0,0
RSM_B3,rotonda_san_martin,2026-07-10,4,10,4,22.75,0.0,0.0,0.75,0.25,,,,0.0,BAJO,0,1,6,13.571428571428571,9.0,1.0,13.53571428571428,13.535714285714285,9.178571428571429,35.0,11.0,1.0,0
RSM_B3,rotonda_san_martin,2026-07-10,4,11,1,35.0,0.0,0.0,0.0,1.0,,,,0.0,BAJO,0,1,6,22.75,10.0,1.0,18.16071428571428,16.607142857142858,12.25,11.22222222222222,12.0,1.0,0
RSM_B3,rotonda_san_martin,2026-07-10,4,12,9,11.22222222222222,0.4444444444444444,0.2222222222222222,0.2222222222222222,0.1111111111111111,,,,0.6667,MEDIO,0,1,6,35.0,11.0,1.0,28.875,23.77380952380952,-23.77777777777778,11.0,13.0,1.0,0
RSM_B3,rotonda_san_martin,2026-07-10,4,13,5,11.0,0.6,0.2,0.0,0.2,,,,0.8,ALTO,0,1,6,11.22222222222222,12.0,1.0,23.111111111111107,22.990740740740744,-0.2222222222222214,13.75,14.0,1.0,0
RSM_B3,rotonda_san_martin,2026-07-10,4,15,6,24.5,0.0,0.3333333333333333,0.5,0.1666666666666666,,,,0.3333,BAJO,0,1,6,13.75,14.0,1.0,12.374999999999996,11.99074074074074,10.75,21.83333333333333,16.0,1.0,0
RSM_B3,rotonda_san_martin,2026-07-10,4,16,6,21.83333333333333,0.0,0.1666666666666666,0.6666666666666666,0.1666666666666666,,,,0.1667,BAJO,0,1,6,24.5,15.0,1.0,19.125,16.416666666666668,-2.666666666666668,26.0,17.0,1.0,0
RSM_B3,rotonda_san_martin,2026-07-10,4,18,3,30.33333333333333,0.0,0.0,0.6666666666666666,0.3333333333333333,,,,0.0,BAJO,1,1,6,26.0,17.0,1.0,23.916666666666664,24.11111111111111,4.333333333333332,11.6,19.0,1.0,0
RSM_B4,rotonda_san_martin,2026-05-01,4,8,1,11.0,0.0,1.0,0.0,0.0,27.7,14.5,0.0,1.0,ALTO,1,1,7,,,,30.33333333333333,28.166666666666664,,1.0,10.0,2.0,0
RSM_B4,rotonda_san_martin,2026-05-05,1,11,1,8.0,0.0,1.0,0.0,0.0,25.0,14.4,0.0,1.0,ALTO,0,1,7,,,,,1.0,,0.0,14.0,3.0,0
RSM_B4,rotonda_san_martin,2026-05-05,1,14,1,0.0,1.0,0.0,0.0,0.0,25.0,14.4,0.0,1.0,ALTO,0,1,7,8.0,11.0,3.0,8.0,8.0,-8.0,0.0,15.0,1.0,0
RSM_B4,rotonda_san_martin,2026-05-06,2,8,1,11.0,0.0,1.0,0.0,0.0,29.3,14.5,0.0,1.0,ALTO,1,1,7,,,,0.0,4.0,,11.0,9.0,1.0,0
RSM_B4,rotonda_san_martin,2026-05-06,2,9,1,11.0,0.0,1.0,0.0,0.0,29.3,14.5,0.0,1.0,ALTO,0,1,7,11.0,8.0,1.0,11.0,5.5,0.0,10.0,12.0,3.0,0
RSM_B4,rotonda_san_martin,2026-05-07,3,13,1,15.0,0.0,1.0,0.0,0.0,29.7,12.8,0.0,1.0,ALTO,0,1,7,,,,11.0,11.0,,30.0,14.0,1.0,0
RSM_B4,rotonda_san_martin,2026-05-07,3,14,1,30.0,0.0,0.0,1.0,0.0,29.7,12.8,0.0,0.0,BAJO,0,1,7,15.0,13.0,1.0,15.0,13.0,15.0,17.5,16.0,2.0,0
RSM_B4,rotonda_san_martin,2026-05-08,4,8,1,11.0,0.0,1.0,0.0,0.0,32.8,11.1,0.0,1.0,ALTO,1,1,7,,,,30.0,22.5,,1.0,10.0,2.0,0
RSM_B4,rotonda_san_martin,2026-05-12,1,11,1,8.0,0.0,1.0,0.0,0.0,27.2,7.2,0.0,1.0,ALTO,0,1,7,,,,,1.0,,0.0,14.0,3.0,0
RSM_B4,rotonda_san_martin,2026-05-12,1,14,1,0.0,1.0,0.0,0.0,0.0,27.2,7.2,0.0,1.0,ALTO,0,1,7,8.0,11.0,3.0,8.0,8.0,-8.0,0.0,15.0,1.0,0
RSM_B4,rotonda_san_martin,2026-05-13,2,8,1,11.0,0.0,1.0,0.0,0.0,29.5,8.4,0.0,1.0,ALTO,1,1,7,,,,0.0,4.0,,11.0,9.0,1.0,0
RSM_B4,rotonda_san_martin,2026-05-14,3,13,1,15.0,0.0,1.0,0.0,0.0,29.1,6.5,0.0,1.0,ALTO,0,1,7,,,,11.0,11.0,,30.0,14.0,1.0,0
RSM_B4,rotonda_san_martin,2026-05-14,3,14,1,30.0,0.0,0.0,1.0,0.0,29.1,6.5,0.0,0.0,BAJO,0,1,7,15.0,13.0,1.0,15.0,13.0,15.0,17.5,16.0,2.0,0
RSM_B4,rotonda_san_martin,2026-05-15,4,8,1,11.0,0.0,1.0,0.0,0.0,26.3,10.2,0.0,1.0,ALTO,1,1,7,,,,30.0,22.5,,1.0,10.0,2.0,0
RSM_B4,rotonda_san_martin,2026-05-19,1,11,1,8.0,0.0,1.0,0.0,0.0,27.4,8.1,0.0,1.0,ALTO,0,1,7,,,,,1.0,,0.0,14.0,3.0,0
RSM_B4,rotonda_san_martin,2026-05-19,1,14,1,0.0,1.0,0.0,0.0,0.0,27.4,8.1,0.0,1.0,ALTO,0,1,7,8.0,11.0,3.0,8.0,8.0,-8.0,0.0,15.0,1.0,0
RSM_B4,rotonda_san_martin,2026-05-20,2,8,1,11.0,0.0,1.0,0.0,0.0,23.2,9.6,0.0,1.0,ALTO,1,1,7,,,,0.0,4.0,,11.0,9.0,1.0,0
RSM_B4,rotonda_san_martin,2026-05-21,3,13,1,15.0,0.0,1.0,0.0,0.0,24.5,12.3,0.0,1.0,ALTO,0,1,7,,,,11.0,11.0,,30.0,14.0,1.0,0
RSM_B4,rotonda_san_martin,2026-05-21,3,14,1,30.0,0.0,0.0,1.0,0.0,24.5,12.3,0.0,0.0,BAJO,0,1,7,15.0,13.0,1.0,15.0,13.0,15.0,17.5,16.0,2.0,0
RSM_B4,rotonda_san_martin,2026-05-22,4,8,1,11.0,0.0,1.0,0.0,0.0,24.1,13.4,0.0,1.0,ALTO,1,1,7,,,,30.0,22.5,,1.0,10.0,2.0,0
RSM_B4,rotonda_san_martin,2026-05-26,1,11,1,8.0,0.0,1.0,0.0,0.0,23.2,10.1,0.0,1.0,ALTO,0,1,7,,,,,1.0,,0.0,14.0,3.0,0
RSM_B4,rotonda_san_martin,2026-05-26,1,14,1,0.0,1.0,0.0,0.0,0.0,23.2,10.1,0.0,1.0,ALTO,0,1,7,8.0,11.0,3.0,8.0,8.0,-8.0,0.0,15.0,1.0,0
RSM_B4,rotonda_san_martin,2026-05-27,2,9,1,11.0,0.0,1.0,0.0,0.0,31.0,3.7,0.0,1.0,ALTO,0,1,7,11.0,8.0,1.0,11.0,5.5,0.0,10.0,12.0,3.0,0
RSM_B4,rotonda_san_martin,2026-05-28,3,14,1,30.0,0.0,0.0,1.0,0.0,15.9,3.3,0.0,0.0,BAJO,0,1,7,15.0,13.0,1.0,15.0,13.0,15.0,17.5,16.0,2.0,0
RSM_B4,rotonda_san_martin,2026-05-29,4,8,1,11.0,0.0,1.0,0.0,0.0,21.1,-0.7,0.0,1.0,ALTO,1,1,7,,,,30.0,22.5,,1.0,10.0,2.0,0
RSM_B4,rotonda_san_martin,2026-06-09,1,15,4,4.25,0.75,0.0,0.25,0.0,16.2,8.8,0.0,0.75,ALTO,0,1,7,,,,1.0,6.0,,10.3,17.0,2.0,0
RSM_B4,rotonda_san_martin,2026-06-10,2,7,3,1.6666666666666667,0.6666666666666666,0.3333333333333333,0.0,0.0,20.0,8.7,0.0,1.0,ALTO,1,1,7,,,,4.25,4.25,,16.0,8.0,1.0,0
RSM_B4,rotonda_san_martin,2026-06-10,2,8,4,16.0,0.0,0.5,0.5,0.0,20.0,8.7,0.0,0.5,MEDIO,1,1,7,1.6666666666666667,7.0,1.0,1.6666666666666667,2.958333333333333,14.333333333333334,0.0,9.0,1.0,0
RSM_B4,rotonda_san_martin,2026-06-10,2,16,5,3.8,0.6,0.4,0.0,0.0,20.0,8.7,0.0,1.0,ALTO,0,1,7,17.0,10.0,6.0,8.499999999999996,11.0,-13.2,6.666666666666667,17.0,1.0,0
RSM_B4,rotonda_san_martin,2026-06-10,2,17,9,6.666666666666667,0.3333333333333333,0.6666666666666666,0.0,0.0,20.0,8.7,0.0,1.0,ALTO,1,1,7,3.8,16.0,1.0,10.399999999999997,6.933333333333334,2.866666666666667,1.6,18.0,1.0,0
RSM_B4,rotonda_san_martin,2026-06-10,2,18,5,1.6,0.8,0.2,0.0,0.0,20.0,8.7,0.0,1.0,ALTO,1,1,7,6.666666666666667,17.0,1.0,5.23333333333333,9.155555555555557,-5.066666666666666,14.4,19.0,1.0,0
RSM_B4,rotonda_san_martin,2026-06-21,6,6,1,23.0,0.0,0.0,1.0,0.0,29.1,0.2,0.0,0.0,BAJO,0,1,7,,,,1.6,4.133333333333335,,14.833333333333334,7.0,1.0,0
RSM_B4,rotonda_san_martin,2026-07-06,0,10,4,16.0,0.0,0.25,0.75,0.0,,,,0.25,BAJO,0,1,7,5.2,9.0,1.0,5.2,14.1,10.8,0.75,11.0,1.0,0
RSM_B4,rotonda_san_martin,2026-07-07,1,12,3,28.33333333333333,0.0,0.0,1.0,0.0,,,,0.0,BAJO,0,1,7,2.2857142857142856,11.0,1.0,2.2857142857142856,9.142857142857142,26.047619047619047,20.0,13.0,1.0,0
RSM_B4,rotonda_san_martin,2026-07-07,1,13,1,20.0,0.0,0.0,1.0,0.0,,,,0.0,BAJO,0,1,7,28.33333333333333,12.0,1.0,15.309523809523805,15.309523809523808,-8.333333333333332,12.666666666666666,14.0,1.0,0
RSM_B4,rotonda_san_martin,2026-07-07,1,14,6,12.666666666666666,0.1666666666666666,0.3333333333333333,0.5,0.0,,,,0.5,MEDIO,0,1,7,20.0,13.0,1.0,24.166666666666664,16.873015873015873,-7.333333333333334,2.2,15.0,1.0,0
RSM_B4,rotonda_san_martin,2026-07-07,1,15,5,2.2,0.8,0.2,0.0,0.0,,,,1.0,ALTO,0,1,7,12.666666666666666,14.0,1.0,16.33333333333333,20.33333333333333,-10.466666666666663,9.8,16.0,1.0,0
RSM_B4,rotonda_san_martin,2026-07-07,1,17,1,17.0,0.0,0.0,1.0,0.0,,,,0.0,BAJO,1,1,7,9.8,16.0,1.0,5.999999999999997,8.222222222222223,7.199999999999999,12.5,18.0,1.0,0
RSM_B4,rotonda_san_martin,2026-07-08,2,8,1,22.0,0.0,0.0,1.0,0.0,,,,0.0,BAJO,1,1,7,26.33333333333333,7.0,1.0,26.33333333333333,21.666666666666664,-4.333333333333332,6.090909090909091,9.0,1.0,0
RSM_B4,rotonda_san_martin,2026-07-08,2,9,11,6.090909090909091,0.5454545454545454,0.2727272727272727,0.1818181818181818,0.0,,,,0.8182,ALTO,0,1,7,22.0,8.0,1.0,24.166666666666664,24.166666666666664,-15.90909090909091,23.33333333333333,10.0,1.0,0
RSM_B4,rotonda_san_martin,2026-07-08,2,10,3,23.33333333333333,0.0,0.0,1.0,0.0,,,,0.0,BAJO,0,1,7,6.090909090909091,9.0,1.0,14.04545454545454,18.141414141414145,17.242424242424242,10.5,11.0,1.0,0
RSM_B4,rotonda_san_martin,2026-07-08,2,11,2,10.5,0.5,0.0,0.5,0.0,,,,0.5,MEDIO,0,1,7,23.33333333333333,10.0,1.0,14.712121212121207,17.141414141414142,-12.833333333333332,11.857142857142858,12.0,1.0,0
RSM_B4,rotonda_san_martin,2026-07-08,2,12,7,11.857142857142858,0.2857142857142857,0.4285714285714285,0.2857142857142857,0.0,,,,0.7143,ALTO,0,1,7,10.5,11.0,1.0,16.916666666666664,13.308080808080808,1.3571428571428577,26.0,13.0,1.0,0
RSM_B4,rotonda_san_martin,2026-07-08,2,13,1,26.0,0.0,0.0,1.0,0.0,,,,0.0,BAJO,0,1,7,11.857142857142858,12.0,1.0,11.178571428571423,15.23015873015873,14.142857142857142,24.25,14.0,1.0,0
RSM_B4,rotonda_san_martin,2026-07-08,2,14,4,24.25,0.0,0.0,0.75,0.25,,,,0.0,BAJO,0,1,7,26.0,13.0,1.0,18.928571428571423,16.11904761904762,-1.75,1.6,15.0,1.0,0
RSM_B4,rotonda_san_martin,2026-07-08,2,15,5,1.6,0.8,0.2,0.0,0.0,,,,1.0,ALTO,0,1,7,24.25,14.0,1.0,25.125,20.702380952380956,-22.65,11.714285714285714,16.0,1.0,0
RSM_B4,rotonda_san_martin,2026-07-08,2,16,7,11.714285714285714,0.0,0.7142857142857143,0.2857142857142857,0.0,,,,0.7143,ALTO,0,1,7,1.6,15.0,1.0,12.924999999999995,17.28333333333333,10.114285714285714,4.0,17.0,1.0,0
RSM_B4,rotonda_san_martin,2026-07-08,2,17,4,4.0,0.75,0.0,0.25,0.0,,,,0.75,ALTO,1,1,7,11.714285714285714,16.0,1.0,6.657142857142853,12.521428571428572,-7.7142857142857135,10.375,18.0,1.0,0
RSM_B4,rotonda_san_martin,2026-07-09,3,8,1,19.0,0.0,0.0,1.0,0.0,,,,0.0,BAJO,1,1,7,,,,4.0,7.857142857142857,,9.166666666666666,9.0,1.0,0
RSM_B4,rotonda_san_martin,2026-07-09,3,9,6,9.166666666666666,0.1666666666666666,0.6666666666666666,0.1666666666666666,0.0,,,,0.8333,ALTO,0,1,7,19.0,8.0,1.0,19.0,11.5,-9.833333333333334,3.0,10.0,1.0,0
RSM_B4,rotonda_san_martin,2026-07-09,3,11,4,19.75,0.0,0.25,0.75,0.0,,,,0.25,BAJO,0,1,7,3.0,10.0,1.0,6.0833333333333295,10.388888888888888,16.75,6.0,12.0,1.0,0
RSM_B4,rotonda_san_martin,2026-07-09,3,12,3,6.0,0.6666666666666666,0.0,0.3333333333333333,0.0,,,,0.6667,MEDIO,0,1,7,19.75,11.0,1.0,11.374999999999996,10.638888888888888,-13.75,11.714285714285714,13.0,1.0,0
RSM_B4,rotonda_san_martin,2026-07-09,3,13,7,11.714285714285714,0.4285714285714285,0.1428571428571428,0.4285714285714285,0.0,,,,0.5714,MEDIO,0,1,7,6.0,12.0,1.0,12.874999999999996,9.583333333333334,5.7142857142857135,21.5,14.0,1.0,0
RSM_B4,rotonda_san_martin,2026-07-09,3,14,4,21.5,0.0,0.25,0.75,0.0,,,,0.25,BAJO,0,1,7,11.714285714285714,13.0,1.0,8.857142857142854,12.48809523809524,9.785714285714286,2.833333333333333,15.0,1.0,0
RSM_B4,rotonda_san_martin,2026-07-09,3,16,8,12.0,0.125,0.625,0.25,0.0,,,,0.75,ALTO,0,1,7,2.833333333333333,15.0,1.0,12.166666666666664,12.015873015873018,9.166666666666666,6.5,17.0,1.0,0
RSM_B4,rotonda_san_martin,2026-07-09,3,17,2,6.5,0.0,1.0,0.0,0.0,,,,1.0,ALTO,1,1,7,12.0,16.0,1.0,7.416666666666663,12.111111111111112,-5.5,14.8,18.0,1.0,0
RSM_B4,rotonda_san_martin,2026-07-10,4,8,6,16.833333333333332,0.0,0.5,0.5,0.0,,,,0.5,MEDIO,1,1,7,,,,6.5,9.250000000000002,,11.5,9.0,1.0,0
RSM_B4,rotonda_san_martin,2026-07-10,4,9,2,11.5,0.0,1.0,0.0,0.0,,,,1.0,ALTO,0,1,7,16.833333333333332,8.0,1.0,16.833333333333332,11.666666666666664,-5.333333333333332,11.833333333333334,10.0,1.0,0
RSM_B4,rotonda_san_martin,2026-07-10,4,10,6,11.833333333333334,0.0,0.8333333333333334,0.1666666666666666,0.0,,,,0.8333,ALTO,0,1,7,11.5,9.0,1.0,14.166666666666664,14.166666666666664,0.3333333333333339,8.142857142857142,11.0,1.0,0
RSM_B4,rotonda_san_martin,2026-07-10,4,11,7,8.142857142857142,0.5714285714285714,0.1428571428571428,0.1428571428571428,0.1428571428571428,,,,0.7143,ALTO,0,1,7,11.833333333333334,10.0,1.0,11.666666666666664,13.388888888888888,-3.690476190476192,10.857142857142858,12.0,1.0,0
RSM_B4,rotonda_san_martin,2026-07-10,4,12,7,10.857142857142858,0.2857142857142857,0.2857142857142857,0.4285714285714285,0.0,,,,0.5714,MEDIO,0,1,7,8.142857142857142,11.0,1.0,9.988095238095234,10.492063492063492,2.7142857142857157,20.0,13.0,1.0,0
RSM_B4,rotonda_san_martin,2026-07-10,4,13,1,20.0,0.0,0.0,1.0,0.0,,,,0.0,BAJO,0,1,7,10.857142857142858,12.0,1.0,9.499999999999996,10.277777777777777,9.142857142857142,10.0,14.0,1.0,0
RSM_B4,rotonda_san_martin,2026-07-10,4,16,7,10.571428571428571,0.1428571428571428,0.4285714285714285,0.4285714285714285,0.0,,,,0.5714,MEDIO,0,1,7,6.0,15.0,1.0,7.9999999999999964,11.999999999999998,4.571428571428571,11.6,17.0,1.0,0
RSM_B4,rotonda_san_martin,2026-07-10,4,17,5,11.6,0.0,0.6,0.4,0.0,,,,0.6,MEDIO,1,1,7,10.571428571428571,16.0,1.0,8.285714285714281,8.857142857142854,1.0285714285714285,1.1,18.0,1.0,0
RSM_B4,rotonda_san_martin,2026-07-10,4,18,10,1.1,0.9,0.1,0.0,0.0,,,,1.0,ALTO,1,1,7,11.6,17.0,1.0,11.085714285714282,9.390476190476187,-10.5,19.5,19.0,1.0,0
